experiment_id,feature_id,name,hypothesis,null,mechanism,feature_definition,raw_inputs,sources,source_urls,primary_horizon,secondary_horizons,target,eligible_population,sampling_controls,baseline,confounders,primary_test,effective_sample_requirement,validation,falsification,dependencies,cost_difficulty,priority,expected_information_gain,evidence_ids,status
H01,F01,Large trade relative to market liquidity,Size relative to market liquidity predicts continuation beyond prior returns,No prospective improvement over the strongest development-selected price/context baseline on the identical eligible panel; apparent association is explained by listed controls.,"Size relative to market liquidity predicts continuation beyond prior returns; this is a hypothesis, not an established AREPO result.",signed trade notional / pre-trade Gamma liquidity,"trade price,size,side; liquidity value and observation time",PTRADE;PGAMMA,https://docs.polymarket.com/api-reference/data-api/migrating-from-v1 | https://docs.polymarket.com/api-spec/gamma-openapi.yaml,15m,1h;6h,T1 three-class clean midpoint movement; T2 log-odds change secondary,Two-sided markets with a pre-trade liquidity observation,Scheduled eligible-universe sample plus matched untriggered controls; event/time/liquidity/probability matching; inclusion probabilities retained. See shared protocol.,B0 no-change; B1 momentum; B2 price/context model; B3 current AREPO where reproducible; add-feature and leave-family-out comparisons.,Liquidity definition may differ from executable depth; price impact already occurred,Chronological grouped paired-score comparison with event/date-cluster uncertainty; Bayesian partial-pooling effect plus simple/boosted challenger. Magnitude/time/error targets use their prespecified proper loss. No final-test tuning.,"Planning floor 1,000 independent event blocks; final N from paired-loss pilot variance and multiplicity-adjusted 80% power. Rows/fills are not independent events.",V1: expanding chronological development folds with purging by actual label availability; event-group lock; untouched future panel; family FDR discovery then prespecified confirmation.,"At adequate prespecified power, prospective uncertainty excludes the registered minimum useful improvement, or effect disappears with timing/quality controls. Wrong sign rejects signed mechanism. Imprecision is inconclusive, not success.","Clock/identity audit, Feature Store v2, source coverage and baseline panel first. Compare liquidity-normalised size with raw size and depth-normalised size on identical fills.",L: existing-data or low-volume metadata pilot; planned 1-3 researcher-days; estimates exclude elapsed sample accumulation.,P1,High: discriminates a concrete mechanism from price/context or measurement artefact early.,E04;HYP,Designed; not executed; no edge established
H02,F02,Large trade relative to executable depth,Depth-normalised flow predicts later continuation better than absolute size,No prospective improvement over the strongest development-selected price/context baseline on the identical eligible panel; apparent association is explained by listed controls.,"Depth-normalised flow predicts later continuation better than absolute size; this is a hypothesis, not an established AREPO result.",signed trade notional / pre-trade same-side executable notional within 1 percentage point,"fill price,size,side; all book levels before fill",PTRADE;PBOOK,https://docs.polymarket.com/api-reference/data-api/migrating-from-v1 | https://docs.polymarket.com/market-data/realtime-data,5m,15m;1h,T1 three-class clean midpoint movement; T2 log-odds change secondary,Continuous books with sequenced pre-trade state,Scheduled eligible-universe sample plus matched untriggered controls; event/time/liquidity/probability matching; inclusion probabilities retained. See shared protocol.,B0 no-change; B1 momentum; B2 price/context model; B3 current AREPO where reproducible; add-feature and leave-family-out comparisons.,Using post-trade depleted depth creates mechanical endogeneity,Chronological grouped paired-score comparison with event/date-cluster uncertainty; Bayesian partial-pooling effect plus simple/boosted challenger. Magnitude/time/error targets use their prespecified proper loss. No final-test tuning.,"Planning floor 1,000 independent event blocks; final N from paired-loss pilot variance and multiplicity-adjusted 80% power. Rows/fills are not independent events.",V1: expanding chronological development folds with purging by actual label availability; event-group lock; untouched future panel; family FDR discovery then prespecified confirmation.,"At adequate prespecified power, prospective uncertainty excludes the registered minimum useful improvement, or effect disappears with timing/quality controls. Wrong sign rejects signed mechanism. Imprecision is inconclusive, not success.","Clock/identity audit, Feature Store v2, source coverage and baseline panel first. Freeze book before trade; separate 0-5 second impact from 5-second-to-horizon change.",M: prospective feed/alignment pilot; planned 3-7 researcher-days; estimates exclude elapsed sample accumulation.,P1,High: discriminates a concrete mechanism from price/context or measurement artefact early.,E04;HYP,Designed; not executed; no edge established
H03,F03,Low-history wallet flow,Flow from wallets with little recorded history contains incremental information,No prospective improvement over the strongest development-selected price/context baseline on the identical eligible panel; apparent association is explained by listed controls.,"Flow from wallets with little recorded history contains incremental information; this is a hypothesis, not an established AREPO result.",sum(signed notional * 1[prior mature events <= k]) / total notional; retain count continuously,"wallet fills, first seen, coverage start, prior resolved events",PTRADE;PWALLET,https://docs.polymarket.com/api-reference/data-api/migrating-from-v1 | https://docs.polymarket.com/api-reference/data-api/migrating-from-v1,1h,15m;6h,T1 three-class clean midpoint movement; T2 log-odds change secondary,"Wallets with measured data coverage, including unranked wallets",Scheduled eligible-universe sample plus matched untriggered controls; event/time/liquidity/probability matching; inclusion probabilities retained. See shared protocol.,B0 no-change; B1 momentum; B2 price/context model; B3 current AREPO where reproducible; add-feature and leave-family-out comparisons.,History truncation; wallet rotation; bots; survivor selection,Chronological grouped paired-score comparison with event/date-cluster uncertainty; Bayesian partial-pooling effect plus simple/boosted challenger. Magnitude/time/error targets use their prespecified proper loss. No final-test tuning.,"Planning floor 2,000 independent event blocks; double for sparse interactions; final N from paired-loss pilot variance and multiplicity-adjusted 80% power. If unattainable report insufficient evidence.",V1: expanding chronological development folds with purging by actual label availability; event-group lock; untouched future panel; family FDR discovery then prespecified confirmation.,"At adequate prespecified power, prospective uncertainty excludes the registered minimum useful improvement, or effect disappears with timing/quality controls. Wrong sign rejects signed mechanism. Imprecision is inconclusive, not success.","Baseline panel, provenance and rights/access verification; then Fit prior-history count as spline; k sensitivity is development-only.",H: wallet/text/graph or sparse-event linkage; planned 1-3 researcher-weeks; estimates exclude elapsed sample accumulation.,P2,Medium: valuable conditional on prerequisite data quality and sufficient event diversity.,E15;HYP,Designed; not executed; no edge established
H04,F04,Newly observed wallet flow,Recently observed wallets predict repricing after controlling for size and history coverage,No prospective improvement over the strongest development-selected price/context baseline on the identical eligible panel; apparent association is explained by listed controls.,"Recently observed wallets predict repricing after controlling for size and history coverage; this is a hypothesis, not an established AREPO result.",signed notional weighted by exp(-observed wallet age / tau) / volume,"wallet first-seen time, chain creation if available, coverage boundary, fills",PWALLET;PCHAIN,https://docs.polymarket.com/api-reference/data-api/migrating-from-v1 | https://docs.polymarket.com/resources/contracts,1h,15m;6h,T1 three-class clean midpoint movement; T2 log-odds change secondary,Complete monitored wallet flow; distinguish fresh creation from fresh observation,Scheduled eligible-universe sample plus matched untriggered controls; event/time/liquidity/probability matching; inclusion probabilities retained. See shared protocol.,B0 no-change; B1 momentum; B2 price/context model; B3 current AREPO where reproducible; add-feature and leave-family-out comparisons.,Exchange deposit wallets and incomplete chain history mimic new wallets,Chronological grouped paired-score comparison with event/date-cluster uncertainty; Bayesian partial-pooling effect plus simple/boosted challenger. Magnitude/time/error targets use their prespecified proper loss. No final-test tuning.,"Planning floor 2,000 independent event blocks; double for sparse interactions; final N from paired-loss pilot variance and multiplicity-adjusted 80% power. If unattainable report insufficient evidence.",V1: expanding chronological development folds with purging by actual label availability; event-group lock; untouched future panel; family FDR discovery then prespecified confirmation.,"At adequate prespecified power, prospective uncertainty excludes the registered minimum useful improvement, or effect disappears with timing/quality controls. Wrong sign rejects signed mechanism. Imprecision is inconclusive, not success.","Baseline panel, provenance and rights/access verification; then Use coverage-matched established wallets; exclude protocol-created address migrations in a sensitivity arm.",H: wallet/text/graph or sparse-event linkage; planned 1-3 researcher-weeks; estimates exclude elapsed sample accumulation.,P2,Medium: valuable conditional on prerequisite data quality and sufficient event diversity.,HYP,Designed; not executed; no edge established
H05,F05,Wallet flow concentration,Concentrated directional flow adds information beyond aggregate imbalance,No prospective improvement over the strongest development-selected price/context baseline on the identical eligible panel; apparent association is explained by listed controls.,"Concentrated directional flow adds information beyond aggregate imbalance; this is a hypothesis, not an established AREPO result.",HHI=sum_w(abs(net_flow_w)/sum_abs_net_flow)^2; sign separate,"per-wallet buys,sells,net inventory change; total volume",PWALLET;PTRADE,https://docs.polymarket.com/api-reference/data-api/migrating-from-v1 | https://docs.polymarket.com/api-reference/data-api/migrating-from-v1,1h,15m;6h,T1 three-class clean midpoint movement; T2 log-odds change secondary,Markets with enough attributed flow and recorded unassigned share,Scheduled eligible-universe sample plus matched untriggered controls; event/time/liquidity/probability matching; inclusion probabilities retained. See shared protocol.,B0 no-change; B1 momentum; B2 price/context model; B3 current AREPO where reproducible; add-feature and leave-family-out comparisons.,One entity can use many wallets; hedges and market makers,Chronological grouped paired-score comparison with event/date-cluster uncertainty; Bayesian partial-pooling effect plus simple/boosted challenger. Magnitude/time/error targets use their prespecified proper loss. No final-test tuning.,"Planning floor 2,000 independent event blocks; double for sparse interactions; final N from paired-loss pilot variance and multiplicity-adjusted 80% power. If unattainable report insufficient evidence.",V1: expanding chronological development folds with purging by actual label availability; event-group lock; untouched future panel; family FDR discovery then prespecified confirmation.,"At adequate prespecified power, prospective uncertainty excludes the registered minimum useful improvement, or effect disappears with timing/quality controls. Wrong sign rejects signed mechanism. Imprecision is inconclusive, not success.","Clock/identity audit, Feature Store v2, source coverage and baseline panel first. Compare trade-size concentration with wallet concentration; retain unresolved attribution.",H: wallet/text/graph or sparse-event linkage; planned 1-3 researcher-weeks; estimates exclude elapsed sample accumulation.,P1,High: discriminates a concrete mechanism from price/context or measurement artefact early.,E14;HYP,Designed; not executed; no edge established
H06,F06,Historical wallet posterior skill,Mature-history wallet skill predicts future flow usefulness,No prospective improvement over the strongest development-selected price/context baseline on the identical eligible panel; apparent association is explained by listed controls.,"Mature-history wallet skill predicts future flow usefulness; this is a hypothesis, not an established AREPO result.","hierarchical posterior mean of past mature excess score over entry-price baseline, weighted by current signed flow","as-of entries,prices,labels,fees,exposure,category; posterior variance",PWALLET;PTRADE,https://docs.polymarket.com/api-reference/data-api/migrating-from-v1 | https://docs.polymarket.com/api-reference/data-api/migrating-from-v1,6h,1h;24h,T1 three-class clean midpoint movement; T2 log-odds change secondary,History contains at least two earlier independent labelled events; shrink all others,Scheduled eligible-universe sample plus matched untriggered controls; event/time/liquidity/probability matching; inclusion probabilities retained. See shared protocol.,B0 no-change; B1 momentum; B2 price/context model; B3 current AREPO where reproducible; add-feature and leave-family-out comparisons.,"Late entry, luck, bankroll, category specialism and profitable arbitrage",Chronological grouped paired-score comparison with event/date-cluster uncertainty; Bayesian partial-pooling effect plus simple/boosted challenger. Magnitude/time/error targets use their prespecified proper loss. No final-test tuning.,"Planning floor 2,000 independent event blocks; double for sparse interactions; final N from paired-loss pilot variance and multiplicity-adjusted 80% power. If unattainable report insufficient evidence.",V1: expanding chronological development folds with purging by actual label availability; event-group lock; untouched future panel; family FDR discovery then prespecified confirmation.,"At adequate prespecified power, prospective uncertainty excludes the registered minimum useful improvement, or effect disappears with timing/quality controls. Wrong sign rejects signed mechanism. Imprecision is inconclusive, not success.","Clock/identity audit, Feature Store v2, source coverage and baseline panel first. Score history only after label availability; compare win rate, P&L and price-adjusted score with shrinkage.",H: wallet/text/graph or sparse-event linkage; planned 1-3 researcher-weeks; estimates exclude elapsed sample accumulation.,P1,High: discriminates a concrete mechanism from price/context or measurement artefact early.,E10;E15;E24,Designed; not executed; no edge established
H07,F07,Consensus-opposing flow,Flow against the currently favoured outcome forecasts reversal or improved calibration,No prospective improvement over the strongest development-selected price/context baseline on the identical eligible panel; apparent association is explained by listed controls.,"Flow against the currently favoured outcome forecasts reversal or improved calibration; this is a hypothesis, not an established AREPO result.",sum signed notional against sign(midpoint-0.5) / total notional; direction retained,midpoint before fill; signed fills; probability regime,PTRADE;PBOOK,https://docs.polymarket.com/api-reference/data-api/migrating-from-v1 | https://docs.polymarket.com/market-data/realtime-data,1h,15m;6h,T1 three-class clean midpoint movement; T2 log-odds change secondary,Binary mapped outcomes with contemporaneous midpoint,Scheduled eligible-universe sample plus matched untriggered controls; event/time/liquidity/probability matching; inclusion probabilities retained. See shared protocol.,B0 no-change; B1 momentum; B2 price/context model; B3 current AREPO where reproducible; add-feature and leave-family-out comparisons.,Favourite-longshot effects; classification around 0.5; informed hedging,Chronological grouped paired-score comparison with event/date-cluster uncertainty; Bayesian partial-pooling effect plus simple/boosted challenger. Magnitude/time/error targets use their prespecified proper loss. No final-test tuning.,"Planning floor 1,000 independent event blocks; final N from paired-loss pilot variance and multiplicity-adjusted 80% power. Rows/fills are not independent events.",V1: expanding chronological development folds with purging by actual label availability; event-group lock; untouched future panel; family FDR discovery then prespecified confirmation.,"At adequate prespecified power, prospective uncertainty excludes the registered minimum useful improvement, or effect disappears with timing/quality controls. Wrong sign rejects signed mechanism. Imprecision is inconclusive, not success.","Clock/identity audit, Feature Store v2, source coverage and baseline panel first. Use continuous interaction between flow and log-odds; preregister reversal versus continuation sign.",M: prospective feed/alignment pilot; planned 3-7 researcher-days; estimates exclude elapsed sample accumulation.,P1,High: discriminates a concrete mechanism from price/context or measurement artefact early.,E10;HYP,Designed; not executed; no edge established
H08,F08,Top-level book imbalance,Queue imbalance predicts the next clean midpoint move,No prospective improvement over the strongest development-selected price/context baseline on the identical eligible panel; apparent association is explained by listed controls.,"Queue imbalance predicts the next clean midpoint move; this is a hypothesis, not an established AREPO result.",(bid_size_1-ask_size_1)/(bid_size_1+ask_size_1),"best bid/ask prices,sizes,age,tick",PBOOK,https://docs.polymarket.com/market-data/realtime-data,1m,5m;15m,T1 three-class clean midpoint movement; T2 log-odds change secondary,Fresh two-sided continuous books with positive depth,Scheduled eligible-universe sample plus matched untriggered controls; event/time/liquidity/probability matching; inclusion probabilities retained. See shared protocol.,B0 no-change; B1 momentum; B2 price/context model; B3 current AREPO where reproducible; add-feature and leave-family-out comparisons.,Spoof-like transient quotes; price regime; spread; tick size,Chronological grouped paired-score comparison with event/date-cluster uncertainty; Bayesian partial-pooling effect plus simple/boosted challenger. Magnitude/time/error targets use their prespecified proper loss. No final-test tuning.,"Planning floor 1,000 independent event blocks; final N from paired-loss pilot variance and multiplicity-adjusted 80% power. Rows/fills are not independent events.",V1: expanding chronological development folds with purging by actual label availability; event-group lock; untouched future panel; family FDR discovery then prespecified confirmation.,"At adequate prespecified power, prospective uncertainty excludes the registered minimum useful improvement, or effect disappears with timing/quality controls. Wrong sign rejects signed mechanism. Imprecision is inconclusive, not success.","Clock/identity audit, Feature Store v2, source coverage and baseline panel first. Compare against identical momentum and spread state; confirm persistence beyond one tick.",M: prospective feed/alignment pilot; planned 3-7 researcher-days; estimates exclude elapsed sample accumulation.,P1,High: discriminates a concrete mechanism from price/context or measurement artefact early.,E05,Designed; not executed; no edge established
H09,F09,Microprice displacement,Microprice displacement predicts repricing more precisely than imbalance alone,No prospective improvement over the strongest development-selected price/context baseline on the identical eligible panel; apparent association is explained by listed controls.,"Microprice displacement predicts repricing more precisely than imbalance alone; this is a hypothesis, not an established AREPO result.",(ask*bid_size+bid*ask_size)/(bid_size+ask_size)-midpoint,best prices and sizes,PBOOK,https://docs.polymarket.com/market-data/realtime-data,1m,5m;15m,T1 three-class clean midpoint movement; T2 log-odds change secondary,Fresh two-sided books; tick and spread recorded,Scheduled eligible-universe sample plus matched untriggered controls; event/time/liquidity/probability matching; inclusion probabilities retained. See shared protocol.,B0 no-change; B1 momentum; B2 price/context model; B3 current AREPO where reproducible; add-feature and leave-family-out comparisons.,Algebraic overlap with imbalance and spread; apparent independent signal is redundant,Chronological grouped paired-score comparison with event/date-cluster uncertainty; Bayesian partial-pooling effect plus simple/boosted challenger. Magnitude/time/error targets use their prespecified proper loss. No final-test tuning.,"Planning floor 1,000 independent event blocks; final N from paired-loss pilot variance and multiplicity-adjusted 80% power. Rows/fills are not independent events.",V1: expanding chronological development folds with purging by actual label availability; event-group lock; untouched future panel; family FDR discovery then prespecified confirmation.,"At adequate prespecified power, prospective uncertainty excludes the registered minimum useful improvement, or effect disappears with timing/quality controls. Wrong sign rejects signed mechanism. Imprecision is inconclusive, not success.","Clock/identity audit, Feature Store v2, source coverage and baseline panel first. Compare imbalance+spread+interaction baseline; reject novelty if microprice adds nothing.",M: prospective feed/alignment pilot; planned 3-7 researcher-days; estimates exclude elapsed sample accumulation.,P1,High: discriminates a concrete mechanism from price/context or measurement artefact early.,E05;HYP,Designed; not executed; no edge established
H10,F10,Depth withdrawal,Asymmetric depth withdrawal precedes a move beyond contemporaneous traded flow,No prospective improvement over the strongest development-selected price/context baseline on the identical eligible panel; apparent association is explained by listed controls.,"Asymmetric depth withdrawal precedes a move beyond contemporaneous traded flow; this is a hypothesis, not an established AREPO result.",-change(executable ask depth minus bid depth) / previous total depth,"sequenced level updates, snapshots, trade records",PBOOK;PTRADE,https://docs.polymarket.com/market-data/realtime-data | https://docs.polymarket.com/api-reference/data-api/migrating-from-v1,5m,1m;15m,T1 three-class clean midpoint movement; T2 log-odds change secondary,Gap-free windows with valid reconciliation,Scheduled eligible-universe sample plus matched untriggered controls; event/time/liquidity/probability matching; inclusion probabilities retained. See shared protocol.,B0 no-change; B1 momentum; B2 price/context model; B3 current AREPO where reproducible; add-feature and leave-family-out comparisons.,Cancellations cannot be inferred from snapshots alone; trades consume depth,Chronological grouped paired-score comparison with event/date-cluster uncertainty; Bayesian partial-pooling effect plus simple/boosted challenger. Magnitude/time/error targets use their prespecified proper loss. No final-test tuning.,"Planning floor 1,000 independent event blocks; final N from paired-loss pilot variance and multiplicity-adjusted 80% power. Rows/fills are not independent events.",V1: expanding chronological development folds with purging by actual label availability; event-group lock; untouched future panel; family FDR discovery then prespecified confirmation.,"At adequate prespecified power, prospective uncertainty excludes the registered minimum useful improvement, or effect disappears with timing/quality controls. Wrong sign rejects signed mechanism. Imprecision is inconclusive, not success.","Clock/identity audit, Feature Store v2, source coverage and baseline panel first. Subtract identified executions; retain ambiguous updates and test with/without them.",M: prospective feed/alignment pilot; planned 3-7 researcher-days; estimates exclude elapsed sample accumulation.,P1,High: discriminates a concrete mechanism from price/context or measurement artefact early.,E04;HYP,Designed; not executed; no edge established
H11,F11,Trade clustering,Compact directional trade clusters predict continuation beyond total flow,No prospective improvement over the strongest development-selected price/context baseline on the identical eligible panel; apparent association is explained by listed controls.,"Compact directional trade clusters predict continuation beyond total flow; this is a hypothesis, not an established AREPO result.",maximum signed notional in a rolling 10-second subwindow / 5-minute notional,"individual fill times,sizes,sides,IDs",PTRADE,https://docs.polymarket.com/api-reference/data-api/migrating-from-v1,5m,15m;1h,T1 three-class clean midpoint movement; T2 log-odds change secondary,Complete deduplicated trade windows,Scheduled eligible-universe sample plus matched untriggered controls; event/time/liquidity/probability matching; inclusion probabilities retained. See shared protocol.,B0 no-change; B1 momentum; B2 price/context model; B3 current AREPO where reproducible; add-feature and leave-family-out comparisons.,Batch publication and repeated maker/taker records manufacture clusters,Chronological grouped paired-score comparison with event/date-cluster uncertainty; Bayesian partial-pooling effect plus simple/boosted challenger. Magnitude/time/error targets use their prespecified proper loss. No final-test tuning.,"Planning floor 1,000 independent event blocks; final N from paired-loss pilot variance and multiplicity-adjusted 80% power. Rows/fills are not independent events.",V1: expanding chronological development folds with purging by actual label availability; event-group lock; untouched future panel; family FDR discovery then prespecified confirmation.,"At adequate prespecified power, prospective uncertainty excludes the registered minimum useful improvement, or effect disappears with timing/quality controls. Wrong sign rejects signed mechanism. Imprecision is inconclusive, not success.","Clock/identity audit, Feature Store v2, source coverage and baseline panel first. Use source and receipt clocks separately; compare time-shuffled within-window placebo.",M: prospective feed/alignment pilot; planned 3-7 researcher-days; estimates exclude elapsed sample accumulation.,P1,High: discriminates a concrete mechanism from price/context or measurement artefact early.,E13;E14,Designed; not executed; no edge established
H12,F12,Trading burstiness,Burstiness predicts material-move probability after volume and volatility controls,No prospective improvement over the strongest development-selected price/context baseline on the identical eligible panel; apparent association is explained by listed controls.,"Burstiness predicts material-move probability after volume and volatility controls; this is a hypothesis, not an established AREPO result.",(sd(interarrival)-mean(interarrival))/(sd(interarrival)+mean(interarrival)); count separately,trade event and receipt times; gap flags,PTRADE,https://docs.polymarket.com/api-reference/data-api/migrating-from-v1,15m,1h;6h,T1 three-class clean midpoint movement; T2 log-odds change secondary,At least 20 observed trades per window; low-count arm kept separate,Scheduled eligible-universe sample plus matched untriggered controls; event/time/liquidity/probability matching; inclusion probabilities retained. See shared protocol.,B0 no-change; B1 momentum; B2 price/context model; B3 current AREPO where reproducible; add-feature and leave-family-out comparisons.,"Polling batching, time of day, market age and activity selection",Chronological grouped paired-score comparison with event/date-cluster uncertainty; Bayesian partial-pooling effect plus simple/boosted challenger. Magnitude/time/error targets use their prespecified proper loss. No final-test tuning.,"Planning floor 1,000 independent event blocks; final N from paired-loss pilot variance and multiplicity-adjusted 80% power. Rows/fills are not independent events.",V1: expanding chronological development folds with purging by actual label availability; event-group lock; untouched future panel; family FDR discovery then prespecified confirmation.,"At adequate prespecified power, prospective uncertainty excludes the registered minimum useful improvement, or effect disappears with timing/quality controls. Wrong sign rejects signed mechanism. Imprecision is inconclusive, not success.","Clock/identity audit, Feature Store v2, source coverage and baseline panel first. Compare simple count/acceleration before considering Hawkes intensity.",M: prospective feed/alignment pilot; planned 3-7 researcher-days; estimates exclude elapsed sample accumulation.,P1,High: discriminates a concrete mechanism from price/context or measurement artefact early.,E29;HYP,Designed; not executed; no edge established
H13,F13,Late large trading,Large late trades are informative before the underlying event becomes known,No prospective improvement over the strongest development-selected price/context baseline on the identical eligible panel; apparent association is explained by listed controls.,"Large late trades are informative before the underlying event becomes known; this is a hypothesis, not an established AREPO result.",depth-normalised signed notional * spline(log(1+seconds_to_information_event)),"trade,depth,announced event time,market close and resolution schedule",PTRADE;PGAMMA;POFFICIAL,https://docs.polymarket.com/api-reference/data-api/migrating-from-v1 | https://docs.polymarket.com/api-spec/gamma-openapi.yaml | https://developer.parliament.uk/,15m,1h;resolution,T1 three-class clean midpoint movement; T2 log-odds change secondary,Pre-event observations with evidenced information-event time,Scheduled eligible-universe sample plus matched untriggered controls; event/time/liquidity/probability matching; inclusion probabilities retained. See shared protocol.,B0 no-change; B1 momentum; B2 price/context model; B3 current AREPO where reproducible; add-feature and leave-family-out comparisons.,Post-event settlement lag masquerades as informed prediction,Chronological grouped paired-score comparison with event/date-cluster uncertainty; Bayesian partial-pooling effect plus simple/boosted challenger. Magnitude/time/error targets use their prespecified proper loss. No final-test tuning.,"Planning floor 2,000 independent event blocks; double for sparse interactions; final N from paired-loss pilot variance and multiplicity-adjusted 80% power. If unattainable report insufficient evidence.",V1: expanding chronological development folds with purging by actual label availability; event-group lock; untouched future panel; family FDR discovery then prespecified confirmation.,"At adequate prespecified power, prospective uncertainty excludes the registered minimum useful improvement, or effect disappears with timing/quality controls. Wrong sign rejects signed mechanism. Imprecision is inconclusive, not success.","Clock/identity audit, Feature Store v2, source coverage and baseline panel first. Separate pre-event, event-known/pre-resolution and post-resolution strata; never pool.",H: wallet/text/graph or sparse-event linkage; planned 1-3 researcher-weeks; estimates exclude elapsed sample accumulation.,P1,High: discriminates a concrete mechanism from price/context or measurement artefact early.,E15,Designed; not executed; no edge established
H14,F14,External market lead,Underlying-market innovations predict delayed PM repricing,No prospective improvement over the strongest development-selected price/context baseline on the identical eligible panel; apparent association is explained by listed controls.,"Underlying-market innovations predict delayed PM repricing; this is a hypothesis, not an established AREPO result.",underlying return over 1m/5m minus prediction-market implied response estimated on training data,"Coinbase or other licensed quotes; strike,expiry; PM prices; latency",XCOIN;PBOOK;PGAMMA,https://docs.cdp.coinbase.com/exchange/websocket-feed/overview | https://docs.polymarket.com/market-data/realtime-data | https://docs.polymarket.com/api-spec/gamma-openapi.yaml,1m,5m;15m,T1 three-class clean midpoint movement; T2 log-odds change secondary,Precisely matched asset threshold/window markets,Scheduled eligible-universe sample plus matched untriggered controls; event/time/liquidity/probability matching; inclusion probabilities retained. See shared protocol.,B0 no-change; B1 momentum; B2 price/context model; B3 current AREPO where reproducible; add-feature and leave-family-out comparisons.,Oracle reference mismatch; clock skew; changing volatility; trading delays,Chronological grouped paired-score comparison with event/date-cluster uncertainty; Bayesian partial-pooling effect plus simple/boosted challenger. Magnitude/time/error targets use their prespecified proper loss. No final-test tuning.,"Planning floor 1,000 independent event blocks; final N from paired-loss pilot variance and multiplicity-adjusted 80% power. Rows/fills are not independent events.",V1: expanding chronological development folds with purging by actual label availability; event-group lock; untouched future panel; family FDR discovery then prespecified confirmation.,"At adequate prespecified power, prospective uncertainty excludes the registered minimum useful improvement, or effect disappears with timing/quality controls. Wrong sign rejects signed mechanism. Imprecision is inconclusive, not success.","Clock/identity audit, Feature Store v2, source coverage and baseline panel first. Use Chainlink/TWAP reference where resolution requires it; compare spot-only and rule-aware mapping.",M: prospective feed/alignment pilot; planned 3-7 researcher-days; estimates exclude elapsed sample accumulation.,P1,High: discriminates a concrete mechanism from price/context or measurement artefact early.,E13;E17;HYP,Designed; not executed; no edge established
H15,F15,Related-market lead,Related contracts lead repricing beyond own momentum,No prospective improvement over the strongest development-selected price/context baseline on the identical eligible panel; apparent association is explained by listed controls.,"Related contracts lead repricing beyond own momentum; this is a hypothesis, not an established AREPO result.",lagged price innovations from linked contracts residualised on own returns,related prices; relationship type/version; as-of group map,PGAMMA;PBOOK,https://docs.polymarket.com/api-spec/gamma-openapi.yaml | https://docs.polymarket.com/market-data/realtime-data,15m,1h;6h,T1 three-class clean midpoint movement; T2 log-odds change secondary,Verified common-event or threshold relationships,Scheduled eligible-universe sample plus matched untriggered controls; event/time/liquidity/probability matching; inclusion probabilities retained. See shared protocol.,B0 no-change; B1 momentum; B2 price/context model; B3 current AREPO where reproducible; add-feature and leave-family-out comparisons.,"Non-equivalent rules, simultaneity and shared information",Chronological grouped paired-score comparison with event/date-cluster uncertainty; Bayesian partial-pooling effect plus simple/boosted challenger. Magnitude/time/error targets use their prespecified proper loss. No final-test tuning.,"Planning floor 1,000 independent event blocks; final N from paired-loss pilot variance and multiplicity-adjusted 80% power. Rows/fills are not independent events.",V1: expanding chronological development folds with purging by actual label availability; event-group lock; untouched future panel; family FDR discovery then prespecified confirmation.,"At adequate prespecified power, prospective uncertainty excludes the registered minimum useful improvement, or effect disappears with timing/quality controls. Wrong sign rejects signed mechanism. Imprecision is inconclusive, not success.","Clock/identity audit, Feature Store v2, source coverage and baseline panel first. Fit lag graph on training only; compare reverse-time placebo and synchronous innovations.",M: prospective feed/alignment pilot; planned 3-7 researcher-days; estimates exclude elapsed sample accumulation.,P1,High: discriminates a concrete mechanism from price/context or measurement artefact early.,E06;E08,Designed; not executed; no edge established
H16,F16,News acceleration,Acceleration in distinct relevant claims predicts material moves,No prospective improvement over the strongest development-selected price/context baseline on the identical eligible panel; apparent association is explained by listed controls.,"Acceleration in distinct relevant claims predicts material moves; this is a hypothesis, not an established AREPO result.",(unique claims last 15m / 15)-(unique claims previous 60m / 60),"document first receipt,claim clusters,sources,matching confidence",XNEWS,https://blog.gdeltproject.org/gdelt-doc-2-0-api-debuts/,1h,15m;6h,T1 three-class clean midpoint movement; T2 log-odds change secondary,Markets with explicit entities and evidence-linked text matching,Scheduled eligible-universe sample plus matched untriggered controls; event/time/liquidity/probability matching; inclusion probabilities retained. See shared protocol.,B0 no-change; B1 momentum; B2 price/context model; B3 current AREPO where reproducible; add-feature and leave-family-out comparisons.,"Syndication, publisher batching, market moves generating coverage",Chronological grouped paired-score comparison with event/date-cluster uncertainty; Bayesian partial-pooling effect plus simple/boosted challenger. Magnitude/time/error targets use their prespecified proper loss. No final-test tuning.,"Planning floor 1,000 independent event blocks; final N from paired-loss pilot variance and multiplicity-adjusted 80% power. Rows/fills are not independent events.",V1: expanding chronological development folds with purging by actual label availability; event-group lock; untouched future panel; family FDR discovery then prespecified confirmation.,"At adequate prespecified power, prospective uncertainty excludes the registered minimum useful improvement, or effect disappears with timing/quality controls. Wrong sign rejects signed mechanism. Imprecision is inconclusive, not success.","Clock/identity audit, Feature Store v2, source coverage and baseline panel first. Deduplicate by claim, compare article count, control pre-news PM returns.",M: prospective feed/alignment pilot; planned 3-7 researcher-days; estimates exclude elapsed sample accumulation.,P1,High: discriminates a concrete mechanism from price/context or measurement artefact early.,E19;E20,Designed; not executed; no edge established
H17,F17,News novelty,Novel relevant information predicts more durable repricing than repeated information,No prospective improvement over the strongest development-selected price/context baseline on the identical eligible panel; apparent association is explained by listed controls.,"Novel relevant information predicts more durable repricing than repeated information; this is a hypothesis, not an established AREPO result.","1-max cosine(embedding(new claim), embeddings of prior related claims within 7d)","frozen embedding model, text/version, prior claim corpus",XNEWS,https://blog.gdeltproject.org/gdelt-doc-2-0-api-debuts/,1h,15m;6h,T1 three-class clean midpoint movement; T2 log-odds change secondary,Permitted text archive and historical first-seen corpus,Scheduled eligible-universe sample plus matched untriggered controls; event/time/liquidity/probability matching; inclusion probabilities retained. See shared protocol.,B0 no-change; B1 momentum; B2 price/context model; B3 current AREPO where reproducible; add-feature and leave-family-out comparisons.,"Entity mismatch, model updates, first article missing, semantic direction",Chronological grouped paired-score comparison with event/date-cluster uncertainty; Bayesian partial-pooling effect plus simple/boosted challenger. Magnitude/time/error targets use their prespecified proper loss. No final-test tuning.,"Planning floor 1,000 independent event blocks; final N from paired-loss pilot variance and multiplicity-adjusted 80% power. Rows/fills are not independent events.",V1: expanding chronological development folds with purging by actual label availability; event-group lock; untouched future panel; family FDR discovery then prespecified confirmation.,"At adequate prespecified power, prospective uncertainty excludes the registered minimum useful improvement, or effect disappears with timing/quality controls. Wrong sign rejects signed mechanism. Imprecision is inconclusive, not success.","Clock/identity audit, Feature Store v2, source coverage and baseline panel first. Compare exact-copy, lexical and embedding novelty; zero-shot outcome guessing excluded.",M: prospective feed/alignment pilot; planned 3-7 researcher-days; estimates exclude elapsed sample accumulation.,P1,High: discriminates a concrete mechanism from price/context or measurement artefact early.,E20,Designed; not executed; no edge established
H18,F18,Social acceleration,Social activity acceleration adds information beyond news and prices,No prospective improvement over the strongest development-selected price/context baseline on the identical eligible panel; apparent association is explained by listed controls.,"Social activity acceleration adds information beyond news and prices; this is a hypothesis, not an established AREPO result.","unique-author relevant original posts per minute acceleration, bot/repost counts separate","licensed posts,receipt time,author/repost IDs,match confidence",XX,https://docs.x.com/x-api/getting-started/pricing,15m,1h;6h,T1 three-class clean midpoint movement; T2 log-odds change secondary,Predeclared entity watchlist with stable paid coverage,Scheduled eligible-universe sample plus matched untriggered controls; event/time/liquidity/probability matching; inclusion probabilities retained. See shared protocol.,B0 no-change; B1 momentum; B2 price/context model; B3 current AREPO where reproducible; add-feature and leave-family-out comparisons.,"API sampling, bots, engagement revisions, attention after price moves",Chronological grouped paired-score comparison with event/date-cluster uncertainty; Bayesian partial-pooling effect plus simple/boosted challenger. Magnitude/time/error targets use their prespecified proper loss. No final-test tuning.,"Planning floor 2,000 independent event blocks; double for sparse interactions; final N from paired-loss pilot variance and multiplicity-adjusted 80% power. If unattainable report insufficient evidence.",V1: expanding chronological development folds with purging by actual label availability; event-group lock; untouched future panel; family FDR discovery then prespecified confirmation.,"At adequate prespecified power, prospective uncertainty excludes the registered minimum useful improvement, or effect disappears with timing/quality controls. Wrong sign rejects signed mechanism. Imprecision is inconclusive, not success.","Baseline panel, provenance and rights/access verification; then Match coverage and posting-hour controls; replace total posts with unique claims in ablation.",H: wallet/text/graph or sparse-event linkage; planned 1-3 researcher-weeks; estimates exclude elapsed sample accumulation.,P2,Medium: valuable conditional on prerequisite data quality and sufficient event diversity.,E18;E21,Designed; not executed; no edge established
H19,F19,Official statement detection,Official statements predict PM adjustment after realistic ingestion delay,No prospective improvement over the strongest development-selected price/context baseline on the identical eligible panel; apparent association is explained by listed controls.,"Official statements predict PM adjustment after realistic ingestion delay; this is a hypothesis, not an established AREPO result.",indicator and stance probability for a first-available authoritative claim matched to market rules,"official release text,receive/publish time,entity/action/date extraction",POFFICIAL,https://developer.parliament.uk/,5m,15m;1h,T1 three-class clean midpoint movement; T2 log-odds change secondary,Officially resolvable markets and verified rule matches,Scheduled eligible-universe sample plus matched untriggered controls; event/time/liquidity/probability matching; inclusion probabilities retained. See shared protocol.,B0 no-change; B1 momentum; B2 price/context model; B3 current AREPO where reproducible; add-feature and leave-family-out comparisons.,Release already priced; incorrect event date; post-resolution leakage,Chronological grouped paired-score comparison with event/date-cluster uncertainty; Bayesian partial-pooling effect plus simple/boosted challenger. Magnitude/time/error targets use their prespecified proper loss. No final-test tuning.,"Planning floor 1,000 independent event blocks; final N from paired-loss pilot variance and multiplicity-adjusted 80% power. Rows/fills are not independent events.",V1: expanding chronological development folds with purging by actual label availability; event-group lock; untouched future panel; family FDR discovery then prespecified confirmation.,"At adequate prespecified power, prospective uncertainty excludes the registered minimum useful improvement, or effect disappears with timing/quality controls. Wrong sign rejects signed mechanism. Imprecision is inconclusive, not success.","Clock/identity audit, Feature Store v2, source coverage and baseline panel first. Human-audit blinded matched sample; compare observation after 1/10/60-second delay.",M: prospective feed/alignment pilot; planned 3-7 researcher-days; estimates exclude elapsed sample accumulation.,P1,High: discriminates a concrete mechanism from price/context or measurement artefact early.,HYP,Designed; not executed; no edge established
H20,F20,Independent source corroboration,Additional independent corroboration changes predictive usefulness nonlinearly,No prospective improvement over the strongest development-selected price/context baseline on the identical eligible panel; apparent association is explained by listed controls.,"Additional independent corroboration changes predictive usefulness nonlinearly; this is a hypothesis, not an established AREPO result.",number of independent origin-source clusters supporting a claim; disagreement separate,"source lineage,syndication graph,claim stance,receipt times",XNEWS;XX;POFFICIAL,https://blog.gdeltproject.org/gdelt-doc-2-0-api-debuts/ | https://docs.x.com/x-api/getting-started/pricing | https://developer.parliament.uk/,1h,15m;6h,T1 three-class clean midpoint movement; T2 log-odds change secondary,At least one matched claim with source lineage,Scheduled eligible-universe sample plus matched untriggered controls; event/time/liquidity/probability matching; inclusion probabilities retained. See shared protocol.,B0 no-change; B1 momentum; B2 price/context model; B3 current AREPO where reproducible; add-feature and leave-family-out comparisons.,Ten syndicated copies are not ten independent sources; popularity confounding,Chronological grouped paired-score comparison with event/date-cluster uncertainty; Bayesian partial-pooling effect plus simple/boosted challenger. Magnitude/time/error targets use their prespecified proper loss. No final-test tuning.,"Planning floor 1,000 independent event blocks; final N from paired-loss pilot variance and multiplicity-adjusted 80% power. Rows/fills are not independent events.",V1: expanding chronological development folds with purging by actual label availability; event-group lock; untouched future panel; family FDR discovery then prespecified confirmation.,"At adequate prespecified power, prospective uncertainty excludes the registered minimum useful improvement, or effect disappears with timing/quality controls. Wrong sign rejects signed mechanism. Imprecision is inconclusive, not success.","Clock/identity audit, Feature Store v2, source coverage and baseline panel first. Compare first-source signal vs incremental independent confirmations at their actual arrival times.",M: prospective feed/alignment pilot; planned 3-7 researcher-days; estimates exclude elapsed sample accumulation.,P1,High: discriminates a concrete mechanism from price/context or measurement artefact early.,E18;HYP,Designed; not executed; no edge established
H21,F21,Social and wallet interaction,Concordant social and wallet evidence adds beyond either family alone,No prospective improvement over the strongest development-selected price/context baseline on the identical eligible panel; apparent association is explained by listed controls.,"Concordant social and wallet evidence adds beyond either family alone; this is a hypothesis, not an established AREPO result.",social stance acceleration * contemporaneous skill-weighted signed wallet flow,"F06,F18 inputs with cutoffs",XX;PWALLET,https://docs.x.com/x-api/getting-started/pricing | https://docs.polymarket.com/api-reference/data-api/migrating-from-v1,1h,15m;6h,T1 three-class clean midpoint movement; T2 log-odds change secondary,Common complete observation panel; main effects included,Scheduled eligible-universe sample plus matched untriggered controls; event/time/liquidity/probability matching; inclusion probabilities retained. See shared protocol.,B0 no-change; B1 momentum; B2 price/context model; B3 current AREPO where reproducible; add-feature and leave-family-out comparisons.,Both react to the same earlier public news; sparse intersections,Chronological grouped paired-score comparison with event/date-cluster uncertainty; Bayesian partial-pooling effect plus simple/boosted challenger. Magnitude/time/error targets use their prespecified proper loss. No final-test tuning.,"Planning floor 2,000 independent event blocks; double for sparse interactions; final N from paired-loss pilot variance and multiplicity-adjusted 80% power. If unattainable report insufficient evidence.",V1: expanding chronological development folds with purging by actual label availability; event-group lock; untouched future panel; family FDR discovery then prespecified confirmation.,"At adequate prespecified power, prospective uncertainty excludes the registered minimum useful improvement, or effect disappears with timing/quality controls. Wrong sign rejects signed mechanism. Imprecision is inconclusive, not success.","Baseline panel, provenance and rights/access verification; then Factorial main-effects versus interaction comparison; double event-group sample floor.",H: wallet/text/graph or sparse-event linkage; planned 1-3 researcher-weeks; estimates exclude elapsed sample accumulation.,P2,Medium: valuable conditional on prerequisite data quality and sufficient event diversity.,HYP,Designed; not executed; no edge established
H22,F22,News and book interaction,Books validate which novel stories will produce persistent repricing,No prospective improvement over the strongest development-selected price/context baseline on the identical eligible panel; apparent association is explained by listed controls.,"Books validate which novel stories will produce persistent repricing; this is a hypothesis, not an established AREPO result.",novel claim stance * signed depth withdrawal or microprice displacement,"F09,F10,F17,claim direction probabilities",XNEWS;PBOOK,https://blog.gdeltproject.org/gdelt-doc-2-0-api-debuts/ | https://docs.polymarket.com/market-data/realtime-data,15m,5m;1h,T1 three-class clean midpoint movement; T2 log-odds change secondary,Continuous book panel and matched stories,Scheduled eligible-universe sample plus matched untriggered controls; event/time/liquidity/probability matching; inclusion probabilities retained. See shared protocol.,B0 no-change; B1 momentum; B2 price/context model; B3 current AREPO where reproducible; add-feature and leave-family-out comparisons.,Book may already incorporate news before origin; latency selection,Chronological grouped paired-score comparison with event/date-cluster uncertainty; Bayesian partial-pooling effect plus simple/boosted challenger. Magnitude/time/error targets use their prespecified proper loss. No final-test tuning.,"Planning floor 2,000 independent event blocks; double for sparse interactions; final N from paired-loss pilot variance and multiplicity-adjusted 80% power. If unattainable report insufficient evidence.",V1: expanding chronological development folds with purging by actual label availability; event-group lock; untouched future panel; family FDR discovery then prespecified confirmation.,"At adequate prespecified power, prospective uncertainty excludes the registered minimum useful improvement, or effect disappears with timing/quality controls. Wrong sign rejects signed mechanism. Imprecision is inconclusive, not success.","Clock/identity audit, Feature Store v2, source coverage and baseline panel first. Prediction begins after both dependencies arrive; compare slower receipt clock.",H: wallet/text/graph or sparse-event linkage; planned 1-3 researcher-weeks; estimates exclude elapsed sample accumulation.,P1,High: discriminates a concrete mechanism from price/context or measurement artefact early.,HYP,Designed; not executed; no edge established
H23,F23,Multi-level order-flow imbalance,Deeper order-flow imbalance adds beyond top-of-book and momentum,No prospective improvement over the strongest development-selected price/context baseline on the identical eligible panel; apparent association is explained by listed controls.,"Deeper order-flow imbalance adds beyond top-of-book and momentum; this is a hypothesis, not an established AREPO result.",sum_l training-weight_l * signed change in bid/ask queued size with price-level alignment,"book deltas,price levels,executions,sequence gaps",PBOOK,https://docs.polymarket.com/market-data/realtime-data,1m,5m;15m,T1 three-class clean midpoint movement; T2 log-odds change secondary,Continuous multi-level books; level alignment valid,Scheduled eligible-universe sample plus matched untriggered controls; event/time/liquidity/probability matching; inclusion probabilities retained. See shared protocol.,B0 no-change; B1 momentum; B2 price/context model; B3 current AREPO where reproducible; add-feature and leave-family-out comparisons.,Level relabelling when best price changes; collinearity,Chronological grouped paired-score comparison with event/date-cluster uncertainty; Bayesian partial-pooling effect plus simple/boosted challenger. Magnitude/time/error targets use their prespecified proper loss. No final-test tuning.,"Planning floor 1,000 independent event blocks; final N from paired-loss pilot variance and multiplicity-adjusted 80% power. Rows/fills are not independent events.",V1: expanding chronological development folds with purging by actual label availability; event-group lock; untouched future panel; family FDR discovery then prespecified confirmation.,"At adequate prespecified power, prospective uncertainty excludes the registered minimum useful improvement, or effect disappears with timing/quality controls. Wrong sign rejects signed mechanism. Imprecision is inconclusive, not success.","Clock/identity audit, Feature Store v2, source coverage and baseline panel first. Compare equal weights to training-estimated weights; no final-test PCA fitting.",M: prospective feed/alignment pilot; planned 3-7 researcher-days; estimates exclude elapsed sample accumulation.,P1,High: discriminates a concrete mechanism from price/context or measurement artefact early.,E04;E06,Designed; not executed; no edge established
H24,F24,Book resiliency,Rapid liquidity replenishment predicts reversal of initial impact,No prospective improvement over the strongest development-selected price/context baseline on the identical eligible panel; apparent association is explained by listed controls.,"Rapid liquidity replenishment predicts reversal of initial impact; this is a hypothesis, not an established AREPO result.",depth recovered within 30s after shock / depth removed; half-life separately,pre/post-shock books and shock time,PBOOK;PTRADE,https://docs.polymarket.com/market-data/realtime-data | https://docs.polymarket.com/api-reference/data-api/migrating-from-v1,5m,15m;1h,T1 three-class clean midpoint movement; T2 log-odds change secondary,"Origins 30s after shock, not at shock before recovery is observed",Scheduled eligible-universe sample plus matched untriggered controls; event/time/liquidity/probability matching; inclusion probabilities retained. See shared protocol.,B0 no-change; B1 momentum; B2 price/context model; B3 current AREPO where reproducible; add-feature and leave-family-out comparisons.,Conditioning on future recovery; quote flicker; endogenous shock definition,Chronological grouped paired-score comparison with event/date-cluster uncertainty; Bayesian partial-pooling effect plus simple/boosted challenger. Magnitude/time/error targets use their prespecified proper loss. No final-test tuning.,"Planning floor 1,000 independent event blocks; final N from paired-loss pilot variance and multiplicity-adjusted 80% power. Rows/fills are not independent events.",V1: expanding chronological development folds with purging by actual label availability; event-group lock; untouched future panel; family FDR discovery then prespecified confirmation.,"At adequate prespecified power, prospective uncertainty excludes the registered minimum useful improvement, or effect disappears with timing/quality controls. Wrong sign rejects signed mechanism. Imprecision is inconclusive, not success.","Clock/identity audit, Feature Store v2, source coverage and baseline panel first. Origin explicitly after measurement window; match initial shock and spread.",M: prospective feed/alignment pilot; planned 3-7 researcher-days; estimates exclude elapsed sample accumulation.,P1,High: discriminates a concrete mechanism from price/context or measurement artefact early.,E04;HYP,Designed; not executed; no edge established
H25,F25,Spread widening state,Spread widening predicts move magnitude or abstention value beyond volatility,No prospective improvement over the strongest development-selected price/context baseline on the identical eligible panel; apparent association is explained by listed controls.,"Spread widening predicts move magnitude or abstention value beyond volatility; this is a hypothesis, not an established AREPO result.",(ask-bid)/tick and change over 1m,"fresh bid/ask,tick,age",PBOOK,https://docs.polymarket.com/market-data/realtime-data,5m,15m;1h,T2 magnitude / probability of material move,Two-sided quotes; no crossed books,Scheduled eligible-universe sample plus matched untriggered controls; event/time/liquidity/probability matching; inclusion probabilities retained. See shared protocol.,B0 no-change; B1 momentum; B2 price/context model; B3 current AREPO where reproducible; add-feature and leave-family-out comparisons.,Mechanical spread bounce; low liquidity; stale sides,Chronological grouped paired-score comparison with event/date-cluster uncertainty; Bayesian partial-pooling effect plus simple/boosted challenger. Magnitude/time/error targets use their prespecified proper loss. No final-test tuning.,"Planning floor 1,000 independent event blocks; final N from paired-loss pilot variance and multiplicity-adjusted 80% power. Rows/fills are not independent events.",V1: expanding chronological development folds with purging by actual label availability; event-group lock; untouched future panel; family FDR discovery then prespecified confirmation.,"At adequate prespecified power, prospective uncertainty excludes the registered minimum useful improvement, or effect disappears with timing/quality controls. Wrong sign rejects signed mechanism. Imprecision is inconclusive, not success.","Clock/identity audit, Feature Store v2, source coverage and baseline panel first. Primary target is absolute clean midpoint move, not trade-price direction.",L: existing-data or low-volume metadata pilot; planned 1-3 researcher-days; estimates exclude elapsed sample accumulation.,P1,High: discriminates a concrete mechanism from price/context or measurement artefact early.,E03;E05,Designed; not executed; no edge established
H26,F26,Book slope and convexity,Depth shape predicts impact persistence beyond top-level depth,No prospective improvement over the strongest development-selected price/context baseline on the identical eligible panel; apparent association is explained by listed controls.,"Depth shape predicts impact persistence beyond top-level depth; this is a hypothesis, not an established AREPO result.",cumulative notional depth at 0.1/0.5/1/2pp; slope differences across distances,all relevant levels and exact units,PBOOK,https://docs.polymarket.com/market-data/realtime-data,5m,15m;1h,T1 three-class clean midpoint movement; T2 log-odds change secondary,Enough visible price range; boundaries accounted for,Scheduled eligible-universe sample plus matched untriggered controls; event/time/liquidity/probability matching; inclusion probabilities retained. See shared protocol.,B0 no-change; B1 momentum; B2 price/context model; B3 current AREPO where reproducible; add-feature and leave-family-out comparisons.,Near 0/1 truncated side; arbitrary depth bands,Chronological grouped paired-score comparison with event/date-cluster uncertainty; Bayesian partial-pooling effect plus simple/boosted challenger. Magnitude/time/error targets use their prespecified proper loss. No final-test tuning.,"Planning floor 1,000 independent event blocks; final N from paired-loss pilot variance and multiplicity-adjusted 80% power. Rows/fills are not independent events.",V1: expanding chronological development folds with purging by actual label availability; event-group lock; untouched future panel; family FDR discovery then prespecified confirmation.,"At adequate prespecified power, prospective uncertainty excludes the registered minimum useful improvement, or effect disappears with timing/quality controls. Wrong sign rejects signed mechanism. Imprecision is inconclusive, not success.","Baseline panel, provenance and rights/access verification; then Bands fixed on development; compare continuous cumulative-depth curve model.",M: prospective feed/alignment pilot; planned 3-7 researcher-days; estimates exclude elapsed sample accumulation.,P2,Medium: valuable conditional on prerequisite data quality and sufficient event diversity.,E04;HYP,Designed; not executed; no edge established
H27,F27,Quote persistence,Persistent imbalance is more predictive than transient imbalance,No prospective improvement over the strongest development-selected price/context baseline on the identical eligible panel; apparent association is explained by listed controls.,"Persistent imbalance is more predictive than transient imbalance; this is a hypothesis, not an established AREPO result.",time-weighted imbalance / instantaneous imbalance with zero-safe representation,"timestamped changes,imbalance series",PBOOK,https://docs.polymarket.com/market-data/realtime-data,1m,5m;15m,T1 three-class clean midpoint movement; T2 log-odds change secondary,Gap-free 60-second book windows,Scheduled eligible-universe sample plus matched untriggered controls; event/time/liquidity/probability matching; inclusion probabilities retained. See shared protocol.,B0 no-change; B1 momentum; B2 price/context model; B3 current AREPO where reproducible; add-feature and leave-family-out comparisons.,Receipts batched; unchanged stale book mimics persistence,Chronological grouped paired-score comparison with event/date-cluster uncertainty; Bayesian partial-pooling effect plus simple/boosted challenger. Magnitude/time/error targets use their prespecified proper loss. No final-test tuning.,"Planning floor 1,000 independent event blocks; final N from paired-loss pilot variance and multiplicity-adjusted 80% power. Rows/fills are not independent events.",V1: expanding chronological development folds with purging by actual label availability; event-group lock; untouched future panel; family FDR discovery then prespecified confirmation.,"At adequate prespecified power, prospective uncertainty excludes the registered minimum useful improvement, or effect disappears with timing/quality controls. Wrong sign rejects signed mechanism. Imprecision is inconclusive, not success.","Clock/identity audit, Feature Store v2, source coverage and baseline panel first. Retain last-update age; compare duration and update-count weighted variants.",M: prospective feed/alignment pilot; planned 3-7 researcher-days; estimates exclude elapsed sample accumulation.,P1,High: discriminates a concrete mechanism from price/context or measurement artefact early.,E05;HYP,Designed; not executed; no edge established
H28,F28,Impact continuation versus reversal,Trade shocks split into transient and persistent components using depth and flow context,No prospective improvement over the strongest development-selected price/context baseline on the identical eligible panel; apparent association is explained by listed controls.,"Trade shocks split into transient and persistent components using depth and flow context; this is a hypothesis, not an established AREPO result.",signed logit(mid at origin)-logit(pre-trade mid); subsequent residual response,trade and pre/post quotes; actual timestamps,PTRADE;PBOOK,https://docs.polymarket.com/api-reference/data-api/migrating-from-v1 | https://docs.polymarket.com/market-data/realtime-data,15m,1m;1h,T1 three-class clean midpoint movement; T2 log-odds change secondary,Origin 5s after impact; legitimate pre-trade book,Scheduled eligible-universe sample plus matched untriggered controls; event/time/liquidity/probability matching; inclusion probabilities retained. See shared protocol.,B0 no-change; B1 momentum; B2 price/context model; B3 current AREPO where reproducible; add-feature and leave-family-out comparisons.,Predicting already-observed impact; bid-ask bounce; selection on price move,Chronological grouped paired-score comparison with event/date-cluster uncertainty; Bayesian partial-pooling effect plus simple/boosted challenger. Magnitude/time/error targets use their prespecified proper loss. No final-test tuning.,"Planning floor 1,000 independent event blocks; final N from paired-loss pilot variance and multiplicity-adjusted 80% power. Rows/fills are not independent events.",V1: expanding chronological development folds with purging by actual label availability; event-group lock; untouched future panel; family FDR discovery then prespecified confirmation.,"At adequate prespecified power, prospective uncertainty excludes the registered minimum useful improvement, or effect disappears with timing/quality controls. Wrong sign rejects signed mechanism. Imprecision is inconclusive, not success.","Clock/identity audit, Feature Store v2, source coverage and baseline panel first. Forecast remaining response only; estimate response curves over preregistered horizons.",M: prospective feed/alignment pilot; planned 3-7 researcher-days; estimates exclude elapsed sample accumulation.,P1,High: discriminates a concrete mechanism from price/context or measurement artefact early.,E04;E20,Designed; not executed; no edge established
H29,F29,Signed-flow autocorrelation,Persistent flow predicts continued repricing beyond the latest bin,No prospective improvement over the strongest development-selected price/context baseline on the identical eligible panel; apparent association is explained by listed controls.,"Persistent flow predicts continued repricing beyond the latest bin; this is a hypothesis, not an established AREPO result.","corr(signed notional in adjacent fixed bins), conditional on total flow","deduplicated fills,sides,times",PTRADE,https://docs.polymarket.com/api-reference/data-api/migrating-from-v1,5m,15m;1h,T1 three-class clean midpoint movement; T2 log-odds change secondary,Minimum bin coverage and trades specified,Scheduled eligible-universe sample plus matched untriggered controls; event/time/liquidity/probability matching; inclusion probabilities retained. See shared protocol.,B0 no-change; B1 momentum; B2 price/context model; B3 current AREPO where reproducible; add-feature and leave-family-out comparisons.,Single order split across fills; market-maker inventory cycling,Chronological grouped paired-score comparison with event/date-cluster uncertainty; Bayesian partial-pooling effect plus simple/boosted challenger. Magnitude/time/error targets use their prespecified proper loss. No final-test tuning.,"Planning floor 1,000 independent event blocks; final N from paired-loss pilot variance and multiplicity-adjusted 80% power. Rows/fills are not independent events.",V1: expanding chronological development folds with purging by actual label availability; event-group lock; untouched future panel; family FDR discovery then prespecified confirmation.,"At adequate prespecified power, prospective uncertainty excludes the registered minimum useful improvement, or effect disappears with timing/quality controls. Wrong sign rejects signed mechanism. Imprecision is inconclusive, not success.","Clock/identity audit, Feature Store v2, source coverage and baseline panel first. Compare order-linked dedup where possible; retain unknown fill grouping.",M: prospective feed/alignment pilot; planned 3-7 researcher-days; estimates exclude elapsed sample accumulation.,P1,High: discriminates a concrete mechanism from price/context or measurement artefact early.,E29;HYP,Designed; not executed; no edge established
H30,F30,Trade size tail shape,Heavy-tailed flow carries information beyond the maximum trade,No prospective improvement over the strongest development-selected price/context baseline on the identical eligible panel; apparent association is explained by listed controls.,"Heavy-tailed flow carries information beyond the maximum trade; this is a hypothesis, not an established AREPO result.",p95 size / median size; top-1% volume share; raw distribution retained,"exact trade sizes,notionals,coverage",PTRADE,https://docs.polymarket.com/api-reference/data-api/migrating-from-v1,15m,1h;6h,T1 three-class clean midpoint movement; T2 log-odds change secondary,Adequate trade count and no pagination truncation,Scheduled eligible-universe sample plus matched untriggered controls; event/time/liquidity/probability matching; inclusion probabilities retained. See shared protocol.,B0 no-change; B1 momentum; B2 price/context model; B3 current AREPO where reproducible; add-feature and leave-family-out comparisons.,Small-sample quantile instability; denomination and liquidity effects,Chronological grouped paired-score comparison with event/date-cluster uncertainty; Bayesian partial-pooling effect plus simple/boosted challenger. Magnitude/time/error targets use their prespecified proper loss. No final-test tuning.,"Planning floor 1,000 independent event blocks; final N from paired-loss pilot variance and multiplicity-adjusted 80% power. Rows/fills are not independent events.",V1: expanding chronological development folds with purging by actual label availability; event-group lock; untouched future panel; family FDR discovery then prespecified confirmation.,"At adequate prespecified power, prospective uncertainty excludes the registered minimum useful improvement, or effect disappears with timing/quality controls. Wrong sign rejects signed mechanism. Imprecision is inconclusive, not success.","Baseline panel, provenance and rights/access verification; then Shrink quantiles and control count; separate signed tails by side.",M: prospective feed/alignment pilot; planned 3-7 researcher-days; estimates exclude elapsed sample accumulation.,P2,Medium: valuable conditional on prerequisite data quality and sufficient event diversity.,HYP,Designed; not executed; no edge established
H31,F31,Flow disagreement,High opposing flow forecasts volatility or reduced directional reliability,No prospective improvement over the strongest development-selected price/context baseline on the identical eligible panel; apparent association is explained by listed controls.,"High opposing flow forecasts volatility or reduced directional reliability; this is a hypothesis, not an established AREPO result.",1-abs(net signed notional)/gross notional; wallet-side entropy separately,all buy/sell flow and wallet side counts,PTRADE;PWALLET,https://docs.polymarket.com/api-reference/data-api/migrating-from-v1 | https://docs.polymarket.com/api-reference/data-api/migrating-from-v1,15m,1h;6h,T2 magnitude / probability of material move,Attributed and unattributed volume shares known,Scheduled eligible-universe sample plus matched untriggered controls; event/time/liquidity/probability matching; inclusion probabilities retained. See shared protocol.,B0 no-change; B1 momentum; B2 price/context model; B3 current AREPO where reproducible; add-feature and leave-family-out comparisons.,"Wash-like circulation, market making, complement-token double counts",Chronological grouped paired-score comparison with event/date-cluster uncertainty; Bayesian partial-pooling effect plus simple/boosted challenger. Magnitude/time/error targets use their prespecified proper loss. No final-test tuning.,"Planning floor 1,000 independent event blocks; final N from paired-loss pilot variance and multiplicity-adjusted 80% power. Rows/fills are not independent events.",V1: expanding chronological development folds with purging by actual label availability; event-group lock; untouched future panel; family FDR discovery then prespecified confirmation.,"At adequate prespecified power, prospective uncertainty excludes the registered minimum useful improvement, or effect disappears with timing/quality controls. Wrong sign rejects signed mechanism. Imprecision is inconclusive, not success.","Clock/identity audit, Feature Store v2, source coverage and baseline panel first. Primary magnitude target; directional candidate includes signed net flow main effect.",M: prospective feed/alignment pilot; planned 3-7 researcher-days; estimates exclude elapsed sample accumulation.,P1,High: discriminates a concrete mechanism from price/context or measurement artefact early.,HYP,Designed; not executed; no edge established
H32,F32,Open-interest versus volume,New capital exposure distinguishes informative positioning from churn,No prospective improvement over the strongest development-selected price/context baseline on the identical eligible panel; apparent association is explained by listed controls.,"New capital exposure distinguishes informative positioning from churn; this is a hypothesis, not an established AREPO result.",change(open interest)/gross traded notional with gross flows separate,"as-of OI,trade volume,splits,merges",PDATA;PCHAIN,https://data-api.polymarket.com/v2/docs | https://docs.polymarket.com/resources/contracts,1h,6h;24h,T1 three-class clean midpoint movement; T2 log-odds change secondary,Comparable OI snapshots and token universe,Scheduled eligible-universe sample plus matched untriggered controls; event/time/liquidity/probability matching; inclusion probabilities retained. See shared protocol.,B0 no-change; B1 momentum; B2 price/context model; B3 current AREPO where reproducible; add-feature and leave-family-out comparisons.,"OI definition, mint/redeem, collateral conversions, delayed indexer",Chronological grouped paired-score comparison with event/date-cluster uncertainty; Bayesian partial-pooling effect plus simple/boosted challenger. Magnitude/time/error targets use their prespecified proper loss. No final-test tuning.,"Planning floor 1,000 independent event blocks; final N from paired-loss pilot variance and multiplicity-adjusted 80% power. Rows/fills are not independent events.",V1: expanding chronological development folds with purging by actual label availability; event-group lock; untouched future panel; family FDR discovery then prespecified confirmation.,"At adequate prespecified power, prospective uncertainty excludes the registered minimum useful improvement, or effect disappears with timing/quality controls. Wrong sign rejects signed mechanism. Imprecision is inconclusive, not success.","Baseline panel, provenance and rights/access verification; then Reconcile with splits/merges; compare OI freshness strata.",M: prospective feed/alignment pilot; planned 3-7 researcher-days; estimates exclude elapsed sample accumulation.,P2,Medium: valuable conditional on prerequisite data quality and sufficient event diversity.,HYP,Designed; not executed; no edge established
H33,F33,Inventory accumulation,Accumulation predicts continuation more reliably than isolated purchases,No prospective improvement over the strongest development-selected price/context baseline on the identical eligible panel; apparent association is explained by listed controls.,"Accumulation predicts continuation more reliably than isolated purchases; this is a hypothesis, not an established AREPO result.",wallet net share accumulation over 1h / earlier visible holdings,"wallet historical balances,trades,transfers",PWALLET;PCHAIN,https://docs.polymarket.com/api-reference/data-api/migrating-from-v1 | https://docs.polymarket.com/resources/contracts,6h,1h;24h,T1 three-class clean midpoint movement; T2 log-odds change secondary,Reconciled inventory windows,Scheduled eligible-universe sample plus matched untriggered controls; event/time/liquidity/probability matching; inclusion probabilities retained. See shared protocol.,B0 no-change; B1 momentum; B2 price/context model; B3 current AREPO where reproducible; add-feature and leave-family-out comparisons.,Transfers mistaken for buys; hedges in unobserved venues,Chronological grouped paired-score comparison with event/date-cluster uncertainty; Bayesian partial-pooling effect plus simple/boosted challenger. Magnitude/time/error targets use their prespecified proper loss. No final-test tuning.,"Planning floor 2,000 independent event blocks; double for sparse interactions; final N from paired-loss pilot variance and multiplicity-adjusted 80% power. If unattainable report insufficient evidence.",V1: expanding chronological development folds with purging by actual label availability; event-group lock; untouched future panel; family FDR discovery then prespecified confirmation.,"At adequate prespecified power, prospective uncertainty excludes the registered minimum useful improvement, or effect disappears with timing/quality controls. Wrong sign rejects signed mechanism. Imprecision is inconclusive, not success.","Baseline panel, provenance and rights/access verification; then Trade-only and transfer-adjusted variants; no inferred private portfolio.",H: wallet/text/graph or sparse-event linkage; planned 1-3 researcher-weeks; estimates exclude elapsed sample accumulation.,P2,Medium: valuable conditional on prerequisite data quality and sufficient event diversity.,E14;HYP,Designed; not executed; no edge established
H34,F34,Wallet specialisation,Domain-specific historical skill beats pooled wallet rankings,No prospective improvement over the strongest development-selected price/context baseline on the identical eligible panel; apparent association is explained by listed controls.,"Domain-specific historical skill beats pooled wallet rankings; this is a hypothesis, not an established AREPO result.",past-category exposure entropy and category-specific posterior excess score,"mature wallet history,category map version",PWALLET;PGAMMA,https://docs.polymarket.com/api-reference/data-api/migrating-from-v1 | https://docs.polymarket.com/api-spec/gamma-openapi.yaml,6h,1h;resolution,T1 three-class clean midpoint movement; T2 log-odds change secondary,Several prior independent events per domain; shrink sparse wallets,Scheduled eligible-universe sample plus matched untriggered controls; event/time/liquidity/probability matching; inclusion probabilities retained. See shared protocol.,B0 no-change; B1 momentum; B2 price/context model; B3 current AREPO where reproducible; add-feature and leave-family-out comparisons.,Posthoc category choice; one dominant event; survivor bias,Chronological grouped paired-score comparison with event/date-cluster uncertainty; Bayesian partial-pooling effect plus simple/boosted challenger. Magnitude/time/error targets use their prespecified proper loss. No final-test tuning.,"Planning floor 2,000 independent event blocks; double for sparse interactions; final N from paired-loss pilot variance and multiplicity-adjusted 80% power. If unattainable report insufficient evidence.",V1: expanding chronological development folds with purging by actual label availability; event-group lock; untouched future panel; family FDR discovery then prespecified confirmation.,"At adequate prespecified power, prospective uncertainty excludes the registered minimum useful improvement, or effect disappears with timing/quality controls. Wrong sign rejects signed mechanism. Imprecision is inconclusive, not success.","Baseline panel, provenance and rights/access verification; then Leave-one-domain-out sensitivity; compare pooled and partially pooled posteriors.",H: wallet/text/graph or sparse-event linkage; planned 1-3 researcher-weeks; estimates exclude elapsed sample accumulation.,P2,Medium: valuable conditional on prerequisite data quality and sufficient event diversity.,E10;E24,Designed; not executed; no edge established
H35,F35,Public wallet co-trading graph,Repeated co-trading structure predicts incremental flow quality,No prospective improvement over the strongest development-selected price/context baseline on the identical eligible panel; apparent association is explained by listed controls.,"Repeated co-trading structure predicts incremental flow quality; this is a hypothesis, not an established AREPO result.",past-only graph similarity from co-trade times/markets; clustered net flow,"public addresses,fill times,markets; windowed graph",PWALLET;PCHAIN,https://docs.polymarket.com/api-reference/data-api/migrating-from-v1 | https://docs.polymarket.com/resources/contracts,1h,6h;24h,T1 three-class clean midpoint movement; T2 log-odds change secondary,Historical graph constructed before origin,Scheduled eligible-universe sample plus matched untriggered controls; event/time/liquidity/probability matching; inclusion probabilities retained. See shared protocol.,B0 no-change; B1 momentum; B2 price/context model; B3 current AREPO where reproducible; add-feature and leave-family-out comparisons.,"Common news, exchanges, many people sharing infrastructure; identity uncertainty",Chronological grouped paired-score comparison with event/date-cluster uncertainty; Bayesian partial-pooling effect plus simple/boosted challenger. Magnitude/time/error targets use their prespecified proper loss. No final-test tuning.,"Planning floor 2,000 independent event blocks; double for sparse interactions; final N from paired-loss pilot variance and multiplicity-adjusted 80% power. If unattainable report insufficient evidence.",V1: expanding chronological development folds with purging by actual label availability; event-group lock; untouched future panel; family FDR discovery then prespecified confirmation.,"At adequate prespecified power, prospective uncertainty excludes the registered minimum useful improvement, or effect disappears with timing/quality controls. Wrong sign rejects signed mechanism. Imprecision is inconclusive, not success.","Baseline panel, provenance and rights/access verification; then No real-person attribution; degree/time-of-day preserving shuffled graph placebo.",H: wallet/text/graph or sparse-event linkage; planned 1-3 researcher-weeks; estimates exclude elapsed sample accumulation.,P3,Speculative: retain as a falsifiable candidate; defer expense until core controls work.,HYP,Designed; not executed; no edge established
H36,F36,Cross-venue probability gap,A verified cross-venue gap predicts convergence of the lagging contract,No prospective improvement over the strongest development-selected price/context baseline on the identical eligible panel; apparent association is explained by listed controls.,"A verified cross-venue gap predicts convergence of the lagging contract; this is a hypothesis, not an established AREPO result.","rule-aligned PM midpoint minus Kalshi implied midpoint, net of observable costs","venue quotes,rule texts,fees,settlement currencies,clock latency",XKALSHI;PBOOK,https://docs.kalshi.com/getting_started/quick_start_market_data | https://docs.polymarket.com/market-data/realtime-data,5m,15m;1h,T1 three-class clean midpoint movement; T2 log-odds change secondary,Strictly equivalent event/settlement definitions,Scheduled eligible-universe sample plus matched untriggered controls; event/time/liquidity/probability matching; inclusion probabilities retained. See shared protocol.,B0 no-change; B1 momentum; B2 price/context model; B3 current AREPO where reproducible; add-feature and leave-family-out comparisons.,"Different rules, fees, access, currency, liquidity and expiry",Chronological grouped paired-score comparison with event/date-cluster uncertainty; Bayesian partial-pooling effect plus simple/boosted challenger. Magnitude/time/error targets use their prespecified proper loss. No final-test tuning.,"Planning floor 1,000 independent event blocks; final N from paired-loss pilot variance and multiplicity-adjusted 80% power. Rows/fills are not independent events.",V1: expanding chronological development folds with purging by actual label availability; event-group lock; untouched future panel; family FDR discovery then prespecified confirmation.,"At adequate prespecified power, prospective uncertainty excludes the registered minimum useful improvement, or effect disappears with timing/quality controls. Wrong sign rejects signed mechanism. Imprecision is inconclusive, not success.","Clock/identity audit, Feature Store v2, source coverage and baseline panel first. Separate price prediction from executable multi-leg arbitrage; test which venue leads.",M: prospective feed/alignment pilot; planned 3-7 researcher-days; estimates exclude elapsed sample accumulation.,P1,High: discriminates a concrete mechanism from price/context or measurement artefact early.,E08;E09,Designed; not executed; no edge established
H37,F37,Mutually exclusive outcome coherence,Coherence deviations predict relative repricing after full-set and cost controls,No prospective improvement over the strongest development-selected price/context baseline on the identical eligible panel; apparent association is explained by listed controls.,"Coherence deviations predict relative repricing after full-set and cost controls; this is a hypothesis, not an established AREPO result.",sum outcome prices minus 1; executable basket cost separately,"event grouping,all outcome prices,ask depths,fee config",PGAMMA;PBOOK,https://docs.polymarket.com/api-spec/gamma-openapi.yaml | https://docs.polymarket.com/market-data/realtime-data,15m,1h;6h,T1 three-class clean midpoint movement; T2 log-odds change secondary,Verified exhaustive mutually exclusive outcomes,Scheduled eligible-universe sample plus matched untriggered controls; event/time/liquidity/probability matching; inclusion probabilities retained. See shared protocol.,B0 no-change; B1 momentum; B2 price/context model; B3 current AREPO where reproducible; add-feature and leave-family-out comparisons.,"Incomplete outcome set, negative-risk conversion, missing depth",Chronological grouped paired-score comparison with event/date-cluster uncertainty; Bayesian partial-pooling effect plus simple/boosted challenger. Magnitude/time/error targets use their prespecified proper loss. No final-test tuning.,"Planning floor 1,000 independent event blocks; final N from paired-loss pilot variance and multiplicity-adjusted 80% power. Rows/fills are not independent events.",V1: expanding chronological development folds with purging by actual label availability; event-group lock; untouched future panel; family FDR discovery then prespecified confirmation.,"At adequate prespecified power, prospective uncertainty excludes the registered minimum useful improvement, or effect disappears with timing/quality controls. Wrong sign rejects signed mechanism. Imprecision is inconclusive, not success.","Clock/identity audit, Feature Store v2, source coverage and baseline panel first. Use midpoint deviation for predictive test and basket asks only for economic test.",M: prospective feed/alignment pilot; planned 3-7 researcher-days; estimates exclude elapsed sample accumulation.,P1,High: discriminates a concrete mechanism from price/context or measurement artefact early.,E08;E09,Designed; not executed; no edge established
H38,F38,Nested threshold monotonicity,Violations or unusual curve shape predict relative correction,No prospective improvement over the strongest development-selected price/context baseline on the identical eligible panel; apparent association is explained by listed controls.,"Violations or unusual curve shape predict relative correction; this is a hypothesis, not an established AREPO result.","p(X>higher strike)-p(X>lower strike), matched expiry/rules","strikes,expiry,quotes,oracle definition",PGAMMA;PBOOK,https://docs.polymarket.com/api-spec/gamma-openapi.yaml | https://docs.polymarket.com/market-data/realtime-data,15m,1h;6h,T1 three-class clean midpoint movement; T2 log-odds change secondary,Exact common-underlying and same-time outcomes,Scheduled eligible-universe sample plus matched untriggered controls; event/time/liquidity/probability matching; inclusion probabilities retained. See shared protocol.,B0 no-change; B1 momentum; B2 price/context model; B3 current AREPO where reproducible; add-feature and leave-family-out comparisons.,Different time windows or reference prices; mapping errors,Chronological grouped paired-score comparison with event/date-cluster uncertainty; Bayesian partial-pooling effect plus simple/boosted challenger. Magnitude/time/error targets use their prespecified proper loss. No final-test tuning.,"Planning floor 1,000 independent event blocks; final N from paired-loss pilot variance and multiplicity-adjusted 80% power. Rows/fills are not independent events.",V1: expanding chronological development folds with purging by actual label availability; event-group lock; untouched future panel; family FDR discovery then prespecified confirmation.,"At adequate prespecified power, prospective uncertainty excludes the registered minimum useful improvement, or effect disappears with timing/quality controls. Wrong sign rejects signed mechanism. Imprecision is inconclusive, not success.","Clock/identity audit, Feature Store v2, source coverage and baseline panel first. Require human-reviewed mapping and bid/ask-aware bounds.",M: prospective feed/alignment pilot; planned 3-7 researcher-days; estimates exclude elapsed sample accumulation.,P1,High: discriminates a concrete mechanism from price/context or measurement artefact early.,E08;HYP,Designed; not executed; no edge established
H39,F39,Probability-regime nonlinearity,"Predictive signal changes continuously across near-zero, central and near-one probabilities",No prospective improvement over the strongest development-selected price/context baseline on the identical eligible panel; apparent association is explained by listed controls.,"Predictive signal changes continuously across near-zero, central and near-one probabilities; this is a hypothesis, not an established AREPO result.",spline(logit(midpoint)) interacting with price and flow features,"probability,returns,flow; training knot locations",PBOOK;PTRADE,https://docs.polymarket.com/market-data/realtime-data | https://docs.polymarket.com/api-reference/data-api/migrating-from-v1,1h,15m;6h,T1 three-class clean midpoint movement; T2 log-odds change secondary,Entire eligible probability range with quality controls,Scheduled eligible-universe sample plus matched untriggered controls; event/time/liquidity/probability matching; inclusion probabilities retained. See shared protocol.,B0 no-change; B1 momentum; B2 price/context model; B3 current AREPO where reproducible; add-feature and leave-family-out comparisons.,Mechanical bounded support; favourite-longshot calibration differs by horizon,Chronological grouped paired-score comparison with event/date-cluster uncertainty; Bayesian partial-pooling effect plus simple/boosted challenger. Magnitude/time/error targets use their prespecified proper loss. No final-test tuning.,"Planning floor 1,000 independent event blocks; final N from paired-loss pilot variance and multiplicity-adjusted 80% power. Rows/fills are not independent events.",V1: expanding chronological development folds with purging by actual label availability; event-group lock; untouched future panel; family FDR discovery then prespecified confirmation.,"At adequate prespecified power, prospective uncertainty excludes the registered minimum useful improvement, or effect disappears with timing/quality controls. Wrong sign rejects signed mechanism. Imprecision is inconclusive, not success.","Clock/identity audit, Feature Store v2, source coverage and baseline panel first. Compare continuous effects with fixed probability exclusions on same population.",L: existing-data or low-volume metadata pilot; planned 1-3 researcher-days; estimates exclude elapsed sample accumulation.,P1,High: discriminates a concrete mechanism from price/context or measurement artefact early.,E10,Designed; not executed; no edge established
H40,F40,Time-to-close and information time,Information time explains signal decay better than an arbitrary time-to-resolution cutoff,No prospective improvement over the strongest development-selected price/context baseline on the identical eligible panel; apparent association is explained by listed controls.,"Information time explains signal decay better than an arbitrary time-to-resolution cutoff; this is a hypothesis, not an established AREPO result.","separate log(seconds_to_close), log(seconds_to_event), log(seconds_to_resolution)","versioned close,announced event and resolution state",PGAMMA;POFFICIAL,https://docs.polymarket.com/api-spec/gamma-openapi.yaml | https://developer.parliament.uk/,1h,15m;6h,T1 three-class clean midpoint movement; T2 log-odds change secondary,Valid source times with uncertainty flags,Scheduled eligible-universe sample plus matched untriggered controls; event/time/liquidity/probability matching; inclusion probabilities retained. See shared protocol.,B0 no-change; B1 momentum; B2 price/context model; B3 current AREPO where reproducible; add-feature and leave-family-out comparisons.,Close extensions and source end-date semantics; known outcome before resolution,Chronological grouped paired-score comparison with event/date-cluster uncertainty; Bayesian partial-pooling effect plus simple/boosted challenger. Magnitude/time/error targets use their prespecified proper loss. No final-test tuning.,"Planning floor 1,000 independent event blocks; final N from paired-loss pilot variance and multiplicity-adjusted 80% power. Rows/fills are not independent events.",V1: expanding chronological development folds with purging by actual label availability; event-group lock; untouched future panel; family FDR discovery then prespecified confirmation.,"At adequate prespecified power, prospective uncertainty excludes the registered minimum useful improvement, or effect disappears with timing/quality controls. Wrong sign rejects signed mechanism. Imprecision is inconclusive, not success.","Clock/identity audit, Feature Store v2, source coverage and baseline panel first. Never substitute current final close date for as-known close date.",M: prospective feed/alignment pilot; planned 3-7 researcher-days; estimates exclude elapsed sample accumulation.,P1,High: discriminates a concrete mechanism from price/context or measurement artefact early.,E15;HYP,Designed; not executed; no edge established
H41,F41,Market age and discovery lag,New-market price discovery yields different signal effects from mature markets,No prospective improvement over the strongest development-selected price/context baseline on the identical eligible panel; apparent association is explained by listed controls.,"New-market price discovery yields different signal effects from mature markets; this is a hypothesis, not an established AREPO result.",time since creation; time since first observed; discrepancy retained,"createdAt,first received,first tradable book",PGAMMA;PBOOK,https://docs.polymarket.com/api-spec/gamma-openapi.yaml | https://docs.polymarket.com/market-data/realtime-data,1h,6h;24h,T1 three-class clean midpoint movement; T2 log-odds change secondary,New and matched mature markets; universe entry captured,Scheduled eligible-universe sample plus matched untriggered controls; event/time/liquidity/probability matching; inclusion probabilities retained. See shared protocol.,B0 no-change; B1 momentum; B2 price/context model; B3 current AREPO where reproducible; add-feature and leave-family-out comparisons.,Left truncation; retrospective survival; launch incentives,Chronological grouped paired-score comparison with event/date-cluster uncertainty; Bayesian partial-pooling effect plus simple/boosted challenger. Magnitude/time/error targets use their prespecified proper loss. No final-test tuning.,"Planning floor 1,000 independent event blocks; final N from paired-loss pilot variance and multiplicity-adjusted 80% power. Rows/fills are not independent events.",V1: expanding chronological development folds with purging by actual label availability; event-group lock; untouched future panel; family FDR discovery then prespecified confirmation.,"At adequate prespecified power, prospective uncertainty excludes the registered minimum useful improvement, or effect disappears with timing/quality controls. Wrong sign rejects signed mechanism. Imprecision is inconclusive, not success.","Baseline panel, provenance and rights/access verification; then Include delisted and never-active markets in discovery denominator.",M: prospective feed/alignment pilot; planned 3-7 researcher-days; estimates exclude elapsed sample accumulation.,P2,Medium: valuable conditional on prerequisite data quality and sufficient event diversity.,HYP,Designed; not executed; no edge established
H42,F42,Incentive and reward changes,Reward changes alter apparent book signals and short-horizon reliability,No prospective improvement over the strongest development-selected price/context baseline on the identical eligible panel; apparent association is explained by listed controls.,"Reward changes alter apparent book signals and short-horizon reliability; this is a hypothesis, not an established AREPO result.","change in reward rate,min size,max spread,fee config before origin","versioned public incentives,quotes,trades,fees",PREWARD;PBOOK,https://docs.polymarket.com/api-spec/clob-openapi.yaml | https://docs.polymarket.com/market-data/realtime-data,1h,6h;24h,T1 three-class clean midpoint movement; T2 log-odds change secondary,Documented parameter changes with known observation times,Scheduled eligible-universe sample plus matched untriggered controls; event/time/liquidity/probability matching; inclusion probabilities retained. See shared protocol.,B0 no-change; B1 momentum; B2 price/context model; B3 current AREPO where reproducible; add-feature and leave-family-out comparisons.,Policy responds to liquidity; nonrandom treatment,Chronological grouped paired-score comparison with event/date-cluster uncertainty; Bayesian partial-pooling effect plus simple/boosted challenger. Magnitude/time/error targets use their prespecified proper loss. No final-test tuning.,"Planning floor 1,000 independent event blocks; final N from paired-loss pilot variance and multiplicity-adjusted 80% power. Rows/fills are not independent events.",V1: expanding chronological development folds with purging by actual label availability; event-group lock; untouched future panel; family FDR discovery then prespecified confirmation.,"At adequate prespecified power, prospective uncertainty excludes the registered minimum useful improvement, or effect disappears with timing/quality controls. Wrong sign rejects signed mechanism. Imprecision is inconclusive, not success.","Baseline panel, provenance and rights/access verification; then Matched interrupted-time analysis plus predictive interaction; no causal claim without assumptions.",M: prospective feed/alignment pilot; planned 3-7 researcher-days; estimates exclude elapsed sample accumulation.,P2,Medium: valuable conditional on prerequisite data quality and sufficient event diversity.,HYP,Designed; not executed; no edge established
H43,F43,Tick-size transition,Tick transitions change queue-signal effectiveness,No prospective improvement over the strongest development-selected price/context baseline on the identical eligible panel; apparent association is explained by listed controls.,"Tick transitions change queue-signal effectiveness; this is a hypothesis, not an established AREPO result.",tick change indicator and time since change interacting with imbalance,"tick_size_change events,quotes,price regime",PBOOK,https://docs.polymarket.com/market-data/realtime-data,1m,5m;15m,T1 three-class clean midpoint movement; T2 log-odds change secondary,Observed transition windows and matched nontransition markets,Scheduled eligible-universe sample plus matched untriggered controls; event/time/liquidity/probability matching; inclusion probabilities retained. See shared protocol.,B0 no-change; B1 momentum; B2 price/context model; B3 current AREPO where reproducible; add-feature and leave-family-out comparisons.,Price boundary triggers tick changes; endogenous transition,Chronological grouped paired-score comparison with event/date-cluster uncertainty; Bayesian partial-pooling effect plus simple/boosted challenger. Magnitude/time/error targets use their prespecified proper loss. No final-test tuning.,"Planning floor 1,000 independent event blocks; final N from paired-loss pilot variance and multiplicity-adjusted 80% power. Rows/fills are not independent events.",V1: expanding chronological development folds with purging by actual label availability; event-group lock; untouched future panel; family FDR discovery then prespecified confirmation.,"At adequate prespecified power, prospective uncertainty excludes the registered minimum useful improvement, or effect disappears with timing/quality controls. Wrong sign rejects signed mechanism. Imprecision is inconclusive, not success.","Baseline panel, provenance and rights/access verification; then Control continuous probability and spread/tick ratio.",M: prospective feed/alignment pilot; planned 3-7 researcher-days; estimates exclude elapsed sample accumulation.,P2,Medium: valuable conditional on prerequisite data quality and sufficient event diversity.,E05;HYP,Designed; not executed; no edge established
H44,F44,Venue-reference basis and TWAP,Rule-matched TWAP state improves short crypto forecast beyond spot return,No prospective improvement over the strongest development-selected price/context baseline on the identical eligible panel; apparent association is explained by listed controls.,"Rule-matched TWAP state improves short crypto forecast beyond spot return; this is a hypothesis, not an established AREPO result.",PM-implied underlying threshold probability relative to Chainlink 30/60s TWAP path and spot basis,"RTDS spot,TWAP values,window times,strike,expiry",PRTDS;XCOIN;PGAMMA,https://docs.polymarket.com/market-data/chainlink-twap | https://docs.cdp.coinbase.com/exchange/websocket-feed/overview | https://docs.polymarket.com/api-spec/gamma-openapi.yaml,1m,5m;resolution,T1 three-class clean midpoint movement; T2 log-odds change secondary,Crypto markets with exact reference/window rules,Scheduled eligible-universe sample plus matched untriggered controls; event/time/liquidity/probability matching; inclusion probabilities retained. See shared protocol.,B0 no-change; B1 momentum; B2 price/context model; B3 current AREPO where reproducible; add-feature and leave-family-out comparisons.,Oracle/spot mismatch; data-stream latency; regime migration,Chronological grouped paired-score comparison with event/date-cluster uncertainty; Bayesian partial-pooling effect plus simple/boosted challenger. Magnitude/time/error targets use their prespecified proper loss. No final-test tuning.,"Planning floor 1,000 independent event blocks; final N from paired-loss pilot variance and multiplicity-adjusted 80% power. Rows/fills are not independent events.",V1: expanding chronological development folds with purging by actual label availability; event-group lock; untouched future panel; family FDR discovery then prespecified confirmation.,"At adequate prespecified power, prospective uncertainty excludes the registered minimum useful improvement, or effect disappears with timing/quality controls. Wrong sign rejects signed mechanism. Imprecision is inconclusive, not success.","Clock/identity audit, Feature Store v2, source coverage and baseline panel first. Compare spot, reference spot and TWAP incremental arms; stratify pre/post rule changes.",M: prospective feed/alignment pilot; planned 3-7 researcher-days; estimates exclude elapsed sample accumulation.,P1,High: discriminates a concrete mechanism from price/context or measurement artefact early.,HYP,Designed; not executed; no edge established
H45,F45,Macro release surprise,Release surprise predicts residual PM repricing after ingestion delay,No prospective improvement over the strongest development-selected price/context baseline on the identical eligible panel; apparent association is explained by listed controls.,"Release surprise predicts residual PM repricing after ingestion delay; this is a hypothesis, not an established AREPO result.",(first released actual - frozen prerelease expectation)/training historical surprise sd,"official first release,consensus or AREPO prerelease forecast,vintage",XBLS;XFRED;POFFICIAL,https://www.bls.gov/developers/ | https://fred.stlouisfed.org/docs/api/fred/realtime_period.html | https://developer.parliament.uk/,5m,15m;1h,T1 three-class clean midpoint movement; T2 log-odds change secondary,Repeated comparable scheduled releases; independent release clusters,Scheduled eligible-universe sample plus matched untriggered controls; event/time/liquidity/probability matching; inclusion probabilities retained. See shared protocol.,B0 no-change; B1 momentum; B2 price/context model; B3 current AREPO where reproducible; add-feature and leave-family-out comparisons.,"Revised actual, consensus collected after release, simultaneous indicators",Chronological grouped paired-score comparison with event/date-cluster uncertainty; Bayesian partial-pooling effect plus simple/boosted challenger. Magnitude/time/error targets use their prespecified proper loss. No final-test tuning.,"Planning floor 2,000 independent event blocks; double for sparse interactions; final N from paired-loss pilot variance and multiplicity-adjusted 80% power. If unattainable report insufficient evidence.",V1: expanding chronological development folds with purging by actual label availability; event-group lock; untouched future panel; family FDR discovery then prespecified confirmation.,"At adequate prespecified power, prospective uncertainty excludes the registered minimum useful improvement, or effect disappears with timing/quality controls. Wrong sign rejects signed mechanism. Imprecision is inconclusive, not success.","Clock/identity audit, Feature Store v2, source coverage and baseline panel first. Expectations and first actual frozen separately; realistic delay curve required.",H: wallet/text/graph or sparse-event linkage; planned 1-3 researcher-weeks; estimates exclude elapsed sample accumulation.,P1,High: discriminates a concrete mechanism from price/context or measurement artefact early.,HYP,Designed; not executed; no edge established
H46,F46,Official revision surprise,Revisions convey incremental information about linked event probabilities,No prospective improvement over the strongest development-selected price/context baseline on the identical eligible panel; apparent association is explained by listed controls.,"Revisions convey incremental information about linked event probabilities; this is a hypothesis, not an established AREPO result.","new vintage minus previous published vintage, scaled by prior uncertainty","vintage history,revision release times,PM quotes",XFRED;XBLS;XEIA,https://fred.stlouisfed.org/docs/api/fred/realtime_period.html | https://www.bls.gov/developers/ | https://www.eia.gov/opendata/documentation.php,1h,6h;24h,T1 three-class clean midpoint movement; T2 log-odds change secondary,Markets related to revised series with valid vintage calendar,Scheduled eligible-universe sample plus matched untriggered controls; event/time/liquidity/probability matching; inclusion probabilities retained. See shared protocol.,B0 no-change; B1 momentum; B2 price/context model; B3 current AREPO where reproducible; add-feature and leave-family-out comparisons.,ALFRED date granularity may not prove intraday availability,Chronological grouped paired-score comparison with event/date-cluster uncertainty; Bayesian partial-pooling effect plus simple/boosted challenger. Magnitude/time/error targets use their prespecified proper loss. No final-test tuning.,"Planning floor 1,000 independent event blocks; final N from paired-loss pilot variance and multiplicity-adjusted 80% power. Rows/fills are not independent events.",V1: expanding chronological development folds with purging by actual label availability; event-group lock; untouched future panel; family FDR discovery then prespecified confirmation.,"At adequate prespecified power, prospective uncertainty excludes the registered minimum useful improvement, or effect disappears with timing/quality controls. Wrong sign rejects signed mechanism. Imprecision is inconclusive, not success.","Baseline panel, provenance and rights/access verification; then Daily-only timing cannot support minute-level claims; prospective timestamping needed.",M: prospective feed/alignment pilot; planned 3-7 researcher-days; estimates exclude elapsed sample accumulation.,P2,Medium: valuable conditional on prerequisite data quality and sufficient event diversity.,HYP,Designed; not executed; no edge established
H47,F47,Weather forecast innovation,Official forecast revisions lead weather-market repricing,No prospective improvement over the strongest development-selected price/context baseline on the identical eligible panel; apparent association is explained by listed controls.,"Official forecast revisions lead weather-market repricing; this is a hypothesis, not an established AREPO result.",change in rule-matched probability from consecutive issued forecast ensembles,"forecast issue/valid times,location,threshold,station,uncertainty",XNOAA;PGAMMA,https://www.weather.gov/documentation/services-web-api | https://docs.polymarket.com/api-spec/gamma-openapi.yaml,1h,6h;resolution,T1 three-class clean midpoint movement; T2 log-odds change secondary,Exact location/station/day/threshold market mapping,Scheduled eligible-universe sample plus matched untriggered controls; event/time/liquidity/probability matching; inclusion probabilities retained. See shared protocol.,B0 no-change; B1 momentum; B2 price/context model; B3 current AREPO where reproducible; add-feature and leave-family-out comparisons.,"Observation delays, revised forecasts, station mismatch and deterministic forecasts",Chronological grouped paired-score comparison with event/date-cluster uncertainty; Bayesian partial-pooling effect plus simple/boosted challenger. Magnitude/time/error targets use their prespecified proper loss. No final-test tuning.,"Planning floor 1,000 independent event blocks; final N from paired-loss pilot variance and multiplicity-adjusted 80% power. Rows/fills are not independent events.",V1: expanding chronological development folds with purging by actual label availability; event-group lock; untouched future panel; family FDR discovery then prespecified confirmation.,"At adequate prespecified power, prospective uncertainty excludes the registered minimum useful improvement, or effect disappears with timing/quality controls. Wrong sign rejects signed mechanism. Imprecision is inconclusive, not success.","Clock/identity audit, Feature Store v2, source coverage and baseline panel first. Retain issued forecast vintages; compare latest level versus revision.",M: prospective feed/alignment pilot; planned 3-7 researcher-days; estimates exclude elapsed sample accumulation.,P1,High: discriminates a concrete mechanism from price/context or measurement artefact early.,HYP,Designed; not executed; no edge established
H48,F48,Company filing and disclosure novelty,Relevant filing surprises predict linked market repricing,No prospective improvement over the strongest development-selected price/context baseline on the identical eligible panel; apparent association is explained by listed controls.,"Relevant filing surprises predict linked market repricing; this is a hypothesis, not an established AREPO result.",new numerical guidance or claim minus prior disclosed/expected value; novelty separate,"SEC filing accession,acceptance/receipt time,XBRL units,prior filings",XSEC;XNEWS,https://www.sec.gov/search-filings/edgar-application-programming-interfaces | https://blog.gdeltproject.org/gdelt-doc-2-0-api-debuts/,1h,6h;24h,T1 three-class clean midpoint movement; T2 log-odds change secondary,Entity-matched company event markets with explicit rule linkage,Scheduled eligible-universe sample plus matched untriggered controls; event/time/liquidity/probability matching; inclusion probabilities retained. See shared protocol.,B0 no-change; B1 momentum; B2 price/context model; B3 current AREPO where reproducible; add-feature and leave-family-out comparisons.,Filing reuses earlier press release; XBRL restatement; market already moved,Chronological grouped paired-score comparison with event/date-cluster uncertainty; Bayesian partial-pooling effect plus simple/boosted challenger. Magnitude/time/error targets use their prespecified proper loss. No final-test tuning.,"Planning floor 1,000 independent event blocks; final N from paired-loss pilot variance and multiplicity-adjusted 80% power. Rows/fills are not independent events.",V1: expanding chronological development folds with purging by actual label availability; event-group lock; untouched future panel; family FDR discovery then prespecified confirmation.,"At adequate prespecified power, prospective uncertainty excludes the registered minimum useful improvement, or effect disappears with timing/quality controls. Wrong sign rejects signed mechanism. Imprecision is inconclusive, not success.","Baseline panel, provenance and rights/access verification; then Earliest public dissemination, not filing date alone, determines novelty.",M: prospective feed/alignment pilot; planned 3-7 researcher-days; estimates exclude elapsed sample accumulation.,P2,Medium: valuable conditional on prerequisite data quality and sufficient event diversity.,E19;E20;HYP,Designed; not executed; no edge established
H49,F49,Search attention innovation,Search attention predicts later activity or repricing beyond news counts,No prospective improvement over the strongest development-selected price/context baseline on the identical eligible panel; apparent association is explained by listed controls.,"Search attention predicts later activity or repricing beyond news counts; this is a hypothesis, not an established AREPO result.",training-seasonally-adjusted change in query interest; sample version retained,"Trends responses,query,region,time grid,request date,coverage",XTRENDS,https://developers.google.com/search/apis/trends,6h,24h;resolution,T1 three-class clean midpoint movement; T2 log-odds change secondary,Access-approved queries with stable measurement and matched events,Scheduled eligible-universe sample plus matched untriggered controls; event/time/liquidity/probability matching; inclusion probabilities retained. See shared protocol.,B0 no-change; B1 momentum; B2 price/context model; B3 current AREPO where reproducible; add-feature and leave-family-out comparisons.,"Rescaling, sampling, low volume suppression, revised history",Chronological grouped paired-score comparison with event/date-cluster uncertainty; Bayesian partial-pooling effect plus simple/boosted challenger. Magnitude/time/error targets use their prespecified proper loss. No final-test tuning.,"Planning floor 2,000 independent event blocks; double for sparse interactions; final N from paired-loss pilot variance and multiplicity-adjusted 80% power. If unattainable report insufficient evidence.",V1: expanding chronological development folds with purging by actual label availability; event-group lock; untouched future panel; family FDR discovery then prespecified confirmation.,"At adequate prespecified power, prospective uncertainty excludes the registered minimum useful improvement, or effect disappears with timing/quality controls. Wrong sign rejects signed mechanism. Imprecision is inconclusive, not success.","Baseline panel, provenance and rights/access verification; then Baseline attention forecasts; no assumed official alpha access or intraday precision.",H: wallet/text/graph or sparse-event linkage; planned 1-3 researcher-weeks; estimates exclude elapsed sample accumulation.,P3,Speculative: retain as a falsifiable candidate; defer expense until core controls work.,E21,Designed; not executed; no edge established
H50,F50,Public pageview attention,Open attention measures predict activity beyond price and news,No prospective improvement over the strongest development-selected price/context baseline on the identical eligible panel; apparent association is explained by listed controls.,"Open attention measures predict activity beyond price and news; this is a hypothesis, not an established AREPO result.",abnormal entity-page views relative to past weekday/time baseline,"Wikimedia pageviews,article identity,publication availability",XWIKI,https://doc.wikimedia.org/generated-data-platform/aqs/analytics-api/documentation/getting-started.html,24h,6h;resolution,T1 three-class clean midpoint movement; T2 log-odds change secondary,Unambiguous entity pages; API availability matched to origin,Scheduled eligible-universe sample plus matched untriggered controls; event/time/liquidity/probability matching; inclusion probabilities retained. See shared protocol.,B0 no-change; B1 momentum; B2 price/context model; B3 current AREPO where reproducible; add-feature and leave-family-out comparisons.,"Daily aggregation, bots, unrelated entity news and alias changes",Chronological grouped paired-score comparison with event/date-cluster uncertainty; Bayesian partial-pooling effect plus simple/boosted challenger. Magnitude/time/error targets use their prespecified proper loss. No final-test tuning.,"Planning floor 1,000 independent event blocks; final N from paired-loss pilot variance and multiplicity-adjusted 80% power. Rows/fills are not independent events.",V1: expanding chronological development folds with purging by actual label availability; event-group lock; untouched future panel; family FDR discovery then prespecified confirmation.,"At adequate prespecified power, prospective uncertainty excludes the registered minimum useful improvement, or effect disappears with timing/quality controls. Wrong sign rejects signed mechanism. Imprecision is inconclusive, not success.","Baseline panel, provenance and rights/access verification; then Use as-known published counts; no forward filling end-of-day totals into morning origins.",L: existing-data or low-volume metadata pilot; planned 1-3 researcher-days; estimates exclude elapsed sample accumulation.,P2,Medium: valuable conditional on prerequisite data quality and sufficient event diversity.,E21;HYP,Designed; not executed; no edge established
H51,F51,Information disagreement,Contradictory information predicts volatility and lower directional confidence,No prospective improvement over the strongest development-selected price/context baseline on the identical eligible panel; apparent association is explained by listed controls.,"Contradictory information predicts volatility and lower directional confidence; this is a hypothesis, not an established AREPO result.","entropy of source-weighted claim stance, with source weights fit on past data","stance probabilities,source lineage,matching uncertainty",XNEWS;POFFICIAL,https://blog.gdeltproject.org/gdelt-doc-2-0-api-debuts/ | https://developer.parliament.uk/,1h,15m;6h,T2 magnitude / probability of material move,At least two independent claims about same proposition,Scheduled eligible-universe sample plus matched untriggered controls; event/time/liquidity/probability matching; inclusion probabilities retained. See shared protocol.,B0 no-change; B1 momentum; B2 price/context model; B3 current AREPO where reproducible; add-feature and leave-family-out comparisons.,Classifier uncertainty versus substantive disagreement; syndication,Chronological grouped paired-score comparison with event/date-cluster uncertainty; Bayesian partial-pooling effect plus simple/boosted challenger. Magnitude/time/error targets use their prespecified proper loss. No final-test tuning.,"Planning floor 1,000 independent event blocks; final N from paired-loss pilot variance and multiplicity-adjusted 80% power. Rows/fills are not independent events.",V1: expanding chronological development folds with purging by actual label availability; event-group lock; untouched future panel; family FDR discovery then prespecified confirmation.,"At adequate prespecified power, prospective uncertainty excludes the registered minimum useful improvement, or effect disappears with timing/quality controls. Wrong sign rejects signed mechanism. Imprecision is inconclusive, not success.","Baseline panel, provenance and rights/access verification; then Keep extraction entropy distinct from source disagreement; human-adjudicated subset.",M: prospective feed/alignment pilot; planned 3-7 researcher-days; estimates exclude elapsed sample accumulation.,P2,Medium: valuable conditional on prerequisite data quality and sufficient event diversity.,HYP,Designed; not executed; no edge established
H52,F52,Information decay,Information half-life varies by liquidity and determines remaining predictability,No prospective improvement over the strongest development-selected price/context baseline on the identical eligible panel; apparent association is explained by listed controls.,"Information half-life varies by liquidity and determines remaining predictability; this is a hypothesis, not an established AREPO result.",signed novelty surprise * exp(-age/tau); tau training-estimated by family,"claim times,novelty,surprise,first observed PM response",XNEWS;PBOOK,https://blog.gdeltproject.org/gdelt-doc-2-0-api-debuts/ | https://docs.polymarket.com/market-data/realtime-data,1h,15m;6h,T1 three-class clean midpoint movement; T2 log-odds change secondary,Historical claim stream with complete receipt timing,Scheduled eligible-universe sample plus matched untriggered controls; event/time/liquidity/probability matching; inclusion probabilities retained. See shared protocol.,B0 no-change; B1 momentum; B2 price/context model; B3 current AREPO where reproducible; add-feature and leave-family-out comparisons.,Choosing decay from final test; repeated reporting resets false freshness,Chronological grouped paired-score comparison with event/date-cluster uncertainty; Bayesian partial-pooling effect plus simple/boosted challenger. Magnitude/time/error targets use their prespecified proper loss. No final-test tuning.,"Planning floor 1,000 independent event blocks; final N from paired-loss pilot variance and multiplicity-adjusted 80% power. Rows/fills are not independent events.",V1: expanding chronological development folds with purging by actual label availability; event-group lock; untouched future panel; family FDR discovery then prespecified confirmation.,"At adequate prespecified power, prospective uncertainty excludes the registered minimum useful improvement, or effect disappears with timing/quality controls. Wrong sign rejects signed mechanism. Imprecision is inconclusive, not success.","Clock/identity audit, Feature Store v2, source coverage and baseline panel first. New independent facts may reset age; syndicated copies may not.",M: prospective feed/alignment pilot; planned 3-7 researcher-days; estimates exclude elapsed sample accumulation.,P1,High: discriminates a concrete mechanism from price/context or measurement artefact early.,E18;E20,Designed; not executed; no edge established
H53,F53,Price volatility and flow interaction,The same flow predicts continuation in some volatility regimes and reversal in others,No prospective improvement over the strongest development-selected price/context baseline on the identical eligible panel; apparent association is explained by listed controls.,"The same flow predicts continuation in some volatility regimes and reversal in others; this is a hypothesis, not an established AREPO result.",flow imbalance * realised volatility state; continuous spline,"return path,signed flow,depth",PTRADE;PBOOK,https://docs.polymarket.com/api-reference/data-api/migrating-from-v1 | https://docs.polymarket.com/market-data/realtime-data,15m,1h;6h,T1 three-class clean midpoint movement; T2 log-odds change secondary,Common complete panel across regimes,Scheduled eligible-universe sample plus matched untriggered controls; event/time/liquidity/probability matching; inclusion probabilities retained. See shared protocol.,B0 no-change; B1 momentum; B2 price/context model; B3 current AREPO where reproducible; add-feature and leave-family-out comparisons.,Regime labels fitted with future volatility; interaction overfitting,Chronological grouped paired-score comparison with event/date-cluster uncertainty; Bayesian partial-pooling effect plus simple/boosted challenger. Magnitude/time/error targets use their prespecified proper loss. No final-test tuning.,"Planning floor 1,000 independent event blocks; final N from paired-loss pilot variance and multiplicity-adjusted 80% power. Rows/fills are not independent events.",V1: expanding chronological development folds with purging by actual label availability; event-group lock; untouched future panel; family FDR discovery then prespecified confirmation.,"At adequate prespecified power, prospective uncertainty excludes the registered minimum useful improvement, or effect disappears with timing/quality controls. Wrong sign rejects signed mechanism. Imprecision is inconclusive, not success.","Clock/identity audit, Feature Store v2, source coverage and baseline panel first. Use trailing volatility only; include all main effects.",M: prospective feed/alignment pilot; planned 3-7 researcher-days; estimates exclude elapsed sample accumulation.,P1,High: discriminates a concrete mechanism from price/context or measurement artefact early.,E04;HYP,Designed; not executed; no edge established
H54,F54,Market-response underreaction to corroborated news,A gap between information magnitude and initial price adjustment predicts continuation,No prospective improvement over the strongest development-selected price/context baseline on the identical eligible panel; apparent association is explained by listed controls.,"A gap between information magnitude and initial price adjustment predicts continuation; this is a hypothesis, not an established AREPO result.",claim surprise minus training-predicted surprise from already-observed PM move,"claim numeric surprise,source count,postreceipt PM response",XNEWS;POFFICIAL;PBOOK,https://blog.gdeltproject.org/gdelt-doc-2-0-api-debuts/ | https://developer.parliament.uk/ | https://docs.polymarket.com/market-data/realtime-data,1h,15m;6h,T1 three-class clean midpoint movement; T2 log-odds change secondary,Quantified claims with calibrated direction and receipt times,Scheduled eligible-universe sample plus matched untriggered controls; event/time/liquidity/probability matching; inclusion probabilities retained. See shared protocol.,B0 no-change; B1 momentum; B2 price/context model; B3 current AREPO where reproducible; add-feature and leave-family-out comparisons.,Residual model fitted on test; selecting only underreaction cases,Chronological grouped paired-score comparison with event/date-cluster uncertainty; Bayesian partial-pooling effect plus simple/boosted challenger. Magnitude/time/error targets use their prespecified proper loss. No final-test tuning.,"Planning floor 2,000 independent event blocks; double for sparse interactions; final N from paired-loss pilot variance and multiplicity-adjusted 80% power. If unattainable report insufficient evidence.",V1: expanding chronological development folds with purging by actual label availability; event-group lock; untouched future panel; family FDR discovery then prespecified confirmation.,"At adequate prespecified power, prospective uncertainty excludes the registered minimum useful improvement, or effect disappears with timing/quality controls. Wrong sign rejects signed mechanism. Imprecision is inconclusive, not success.","Baseline panel, provenance and rights/access verification; then Freeze response model on development and evaluate overreaction as well as underreaction.",H: wallet/text/graph or sparse-event linkage; planned 1-3 researcher-weeks; estimates exclude elapsed sample accumulation.,P2,Medium: valuable conditional on prerequisite data quality and sufficient event diversity.,E18;E20,Designed; not executed; no edge established
H55,F55,Cross-domain wallet transfer,Some wallet skill transfers to related domains but not unrelated domains,No prospective improvement over the strongest development-selected price/context baseline on the identical eligible panel; apparent association is explained by listed controls.,"Some wallet skill transfers to related domains but not unrelated domains; this is a hypothesis, not an established AREPO result.",posterior category skill transferred with training-estimated similarity and uncertainty,"past mature wallet scores,domain mapping,current flow",PWALLET;PGAMMA,https://docs.polymarket.com/api-reference/data-api/migrating-from-v1 | https://docs.polymarket.com/api-spec/gamma-openapi.yaml,6h,24h;resolution,T1 three-class clean midpoint movement; T2 log-odds change secondary,Repeated wallets across independent domains,Scheduled eligible-universe sample plus matched untriggered controls; event/time/liquidity/probability matching; inclusion probabilities retained. See shared protocol.,B0 no-change; B1 momentum; B2 price/context model; B3 current AREPO where reproducible; add-feature and leave-family-out comparisons.,Shared event families disguised as different categories,Chronological grouped paired-score comparison with event/date-cluster uncertainty; Bayesian partial-pooling effect plus simple/boosted challenger. Magnitude/time/error targets use their prespecified proper loss. No final-test tuning.,"Planning floor 2,000 independent event blocks; double for sparse interactions; final N from paired-loss pilot variance and multiplicity-adjusted 80% power. If unattainable report insufficient evidence.",V1: expanding chronological development folds with purging by actual label availability; event-group lock; untouched future panel; family FDR discovery then prespecified confirmation.,"At adequate prespecified power, prospective uncertainty excludes the registered minimum useful improvement, or effect disappears with timing/quality controls. Wrong sign rejects signed mechanism. Imprecision is inconclusive, not success.","Baseline panel, provenance and rights/access verification; then Leave entire economic domains out; compare zero-transfer and complete-pooling models.",H: wallet/text/graph or sparse-event linkage; planned 1-3 researcher-weeks; estimates exclude elapsed sample accumulation.,P3,Speculative: retain as a falsifiable candidate; defer expense until core controls work.,E10;E24;HYP,Designed; not executed; no edge established
H56,F56,Public resolution process state,Oracle process state predicts resolution delay or final-payout uncertainty,No prospective improvement over the strongest development-selected price/context baseline on the identical eligible panel; apparent association is explained by listed controls.,"Oracle process state predicts resolution delay or final-payout uncertainty; this is a hypothesis, not an established AREPO result.","request/proposal/dispute age,bond,reward,liveness and state indicators","UMA/CTF logs and states,block timestamps,first receipt",PORACLE;PCHAIN,https://github.com/Polymarket/uma-ctf-adapter | https://docs.polymarket.com/resources/contracts,24h,time-to-resolution;resolution,T5 time to resolution; separate final-payout label,Unresolved conditions with verified contract mapping,Scheduled eligible-universe sample plus matched untriggered controls; event/time/liquidity/probability matching; inclusion probabilities retained. See shared protocol.,B0 no-change; B1 momentum; B2 price/context model; B3 current AREPO where reproducible; add-feature and leave-family-out comparisons.,Underlying outcome already known; disputed cases selected ex post,Chronological grouped paired-score comparison with event/date-cluster uncertainty; Bayesian partial-pooling effect plus simple/boosted challenger. Magnitude/time/error targets use their prespecified proper loss. No final-test tuning.,"Planning floor 2,000 independent event blocks; double for sparse interactions; final N from paired-loss pilot variance and multiplicity-adjusted 80% power. If unattainable report insufficient evidence.",V1: expanding chronological development folds with purging by actual label availability; event-group lock; untouched future panel; family FDR discovery then prespecified confirmation.,"At adequate prespecified power, prospective uncertainty excludes the registered minimum useful improvement, or effect disappears with timing/quality controls. Wrong sign rejects signed mechanism. Imprecision is inconclusive, not success.","Baseline panel, provenance and rights/access verification; then Primary target resolution time/uncertainty, not pre-event informational alpha.",H: wallet/text/graph or sparse-event linkage; planned 1-3 researcher-weeks; estimates exclude elapsed sample accumulation.,P2,Medium: valuable conditional on prerequisite data quality and sufficient event diversity.,HYP,Designed; not executed; no edge established
H57,F57,Settlement and indexer lag,Settlement/indexer lag explains apparent signals and predicts quality deterioration,No prospective improvement over the strongest development-selected price/context baseline on the identical eligible panel; apparent association is explained by listed controls.,"Settlement/indexer lag explains apparent signals and predicts quality deterioration; this is a hypothesis, not an established AREPO result.",receipt-to-block-confirmed lag and unmatched offchain/onchain fill share,"match events,receipts,transactions,status,indexer freshness",PTRADE;PCHAIN;PDATA,https://docs.polymarket.com/api-reference/data-api/migrating-from-v1 | https://docs.polymarket.com/resources/contracts | https://data-api.polymarket.com/v2/docs,5m,15m;1h,T6 data-quality/settlement lag; price effect secondary,Reconciled public records with no private order data,Scheduled eligible-universe sample plus matched untriggered controls; event/time/liquidity/probability matching; inclusion probabilities retained. See shared protocol.,B0 no-change; B1 momentum; B2 price/context model; B3 current AREPO where reproducible; add-feature and leave-family-out comparisons.,"RPC outage, reorgs, source clocks and changing contract versions",Chronological grouped paired-score comparison with event/date-cluster uncertainty; Bayesian partial-pooling effect plus simple/boosted challenger. Magnitude/time/error targets use their prespecified proper loss. No final-test tuning.,"Planning floor 2,000 independent event blocks; double for sparse interactions; final N from paired-loss pilot variance and multiplicity-adjusted 80% power. If unattainable report insufficient evidence.",V1: expanding chronological development folds with purging by actual label availability; event-group lock; untouched future panel; family FDR discovery then prespecified confirmation.,"At adequate prespecified power, prospective uncertainty excludes the registered minimum useful improvement, or effect disappears with timing/quality controls. Wrong sign rejects signed mechanism. Imprecision is inconclusive, not success.","Clock/identity audit, Feature Store v2, source coverage and baseline panel first. Quality/missingness target primary; test price effect only after censoring contaminated windows.",H: wallet/text/graph or sparse-event linkage; planned 1-3 researcher-weeks; estimates exclude elapsed sample accumulation.,P1,High: discriminates a concrete mechanism from price/context or measurement artefact early.,E12;E13,Designed; not executed; no edge established
H58,F58,Sports state innovation,Fresh game-state changes explain and may lead price adjustment,No prospective improvement over the strongest development-selected price/context baseline on the identical eligible panel; apparent association is explained by listed controls.,"Fresh game-state changes explain and may lead price adjustment; this is a hypothesis, not an established AREPO result.","rule-aligned score,time,period,status innovation relative to prior state","sports WS game IDs,scores,period,elapsed,status,receipt; rules",PSPORTS;PBOOK,https://docs.polymarket.com/market-data/realtime-data | https://docs.polymarket.com/market-data/realtime-data,1m,5m;15m,T1 three-class clean midpoint movement; T2 log-odds change secondary,Verified game-to-market mapping and consistent score chronology,Scheduled eligible-universe sample plus matched untriggered controls; event/time/liquidity/probability matching; inclusion probabilities retained. See shared protocol.,B0 no-change; B1 momentum; B2 price/context model; B3 current AREPO where reproducible; add-feature and leave-family-out comparisons.,"Feed delay, score corrections, in-play delay, game over settlement lag",Chronological grouped paired-score comparison with event/date-cluster uncertainty; Bayesian partial-pooling effect plus simple/boosted challenger. Magnitude/time/error targets use their prespecified proper loss. No final-test tuning.,"Planning floor 1,000 independent event blocks; final N from paired-loss pilot variance and multiplicity-adjusted 80% power. Rows/fills are not independent events.",V1: expanding chronological development folds with purging by actual label availability; event-group lock; untouched future panel; family FDR discovery then prespecified confirmation.,"At adequate prespecified power, prospective uncertainty excludes the registered minimum useful improvement, or effect disappears with timing/quality controls. Wrong sign rejects signed mechanism. Imprecision is inconclusive, not success.","Baseline panel, provenance and rights/access verification; then No claim of beating faster feeds; compare several measured ingestion delays.",M: prospective feed/alignment pilot; planned 3-7 researcher-days; estimates exclude elapsed sample accumulation.,P2,Medium: valuable conditional on prerequisite data quality and sufficient event diversity.,E09;HYP,Designed; not executed; no edge established
H59,F59,Public comment stance and engagement,Market-specific comment information adds beyond broad news and prices,No prospective improvement over the strongest development-selected price/context baseline on the identical eligible panel; apparent association is explained by listed controls.,"Market-specific comment information adds beyond broad news and prices; this is a hypothesis, not an established AREPO result.",unique-author proposition stance and reactions known at origin; changes separate,"comment creation/removal/reaction events,author IDs,receipt,claim matching",PCOMMENT;PBOOK,https://docs.polymarket.com/market-data/realtime-data | https://docs.polymarket.com/market-data/realtime-data,1h,6h;24h,T1 three-class clean midpoint movement; T2 log-odds change secondary,Moderation and deletions tracked; permitted public content,Scheduled eligible-universe sample plus matched untriggered controls; event/time/liquidity/probability matching; inclusion probabilities retained. See shared protocol.,B0 no-change; B1 momentum; B2 price/context model; B3 current AREPO where reproducible; add-feature and leave-family-out comparisons.,"Manipulation, promotional content, future reaction counts, private-information claims",Chronological grouped paired-score comparison with event/date-cluster uncertainty; Bayesian partial-pooling effect plus simple/boosted challenger. Magnitude/time/error targets use their prespecified proper loss. No final-test tuning.,"Planning floor 1,000 independent event blocks; final N from paired-loss pilot variance and multiplicity-adjusted 80% power. Rows/fills are not independent events.",V1: expanding chronological development folds with purging by actual label availability; event-group lock; untouched future panel; family FDR discovery then prespecified confirmation.,"At adequate prespecified power, prospective uncertainty excludes the registered minimum useful improvement, or effect disappears with timing/quality controls. Wrong sign rejects signed mechanism. Imprecision is inconclusive, not success.","Baseline panel, provenance and rights/access verification; then Compare original evidence-bearing claims to sentiment-only comments; exclude future engagement.",M: prospective feed/alignment pilot; planned 3-7 researcher-days; estimates exclude elapsed sample accumulation.,P3,Speculative: retain as a falsifiable candidate; defer expense until core controls work.,HYP,Designed; not executed; no edge established
H60,F60,Cross-source disagreement as a forecast feature,Disagreement predicts future forecast error and useful abstention,No prospective improvement over the strongest development-selected price/context baseline on the identical eligible panel; apparent association is explained by listed controls.,"Disagreement predicts future forecast error and useful abstention; this is a hypothesis, not an established AREPO result.",dispersion among rule-aligned venue/reference probabilities and Bayesian/ML predictions,"fixed model out-of-fold predictions,matched quotes,as-of features",MODELS;XKALSHI;PBOOK,MODEL_COMPARISON_AND_VALIDATION.md | https://docs.kalshi.com/getting_started/quick_start_market_data | https://docs.polymarket.com/market-data/realtime-data,1h,15m;6h,T7 forecast error and selective risk,Common OOF and prospective panel with all constituent outputs,Scheduled eligible-universe sample plus matched untriggered controls; event/time/liquidity/probability matching; inclusion probabilities retained. See shared protocol.,B0 no-change; B1 momentum; B2 price/context model; B3 current AREPO where reproducible; add-feature and leave-family-out comparisons.,Disagreement reflects scale or miscalibration; stronger model chosen post-test,Chronological grouped paired-score comparison with event/date-cluster uncertainty; Bayesian partial-pooling effect plus simple/boosted challenger. Magnitude/time/error targets use their prespecified proper loss. No final-test tuning.,"Planning floor 2,000 independent event blocks; double for sparse interactions; final N from paired-loss pilot variance and multiplicity-adjusted 80% power. If unattainable report insufficient evidence.",V1: expanding chronological development folds with purging by actual label availability; event-group lock; untouched future panel; family FDR discovery then prespecified confirmation.,"At adequate prespecified power, prospective uncertainty excludes the registered minimum useful improvement, or effect disappears with timing/quality controls. Wrong sign rejects signed mechanism. Imprecision is inconclusive, not success.","Baseline panel, provenance and rights/access verification; then Forecast absolute error/material-move probability using OOF disagreements; compare selective risk at equal coverage.",H: wallet/text/graph or sparse-event linkage; planned 1-3 researcher-weeks; estimates exclude elapsed sample accumulation.,P2,Medium: valuable conditional on prerequisite data quality and sufficient event diversity.,E22;E23;HYP,Designed; not executed; no edge established
